ancm_id,source,title,ministry,agency,program,ancm_no,posted,category,status,rcv_start,rcv_end,end_estimated,contact,url,body_text,first_seen,last_seen
IRIS:023797,IRIS,2026년도 퀀텀(양자)플랫폼 KIST 양자활용연구거점사업단 양자공동연구실,,한국연구재단,,NR_2026_087,2026-09-15,미등록,접수예정,,,0,,https://www.iris.go.kr/contents/retrieveBsnsAncmBtinSituListView.do,0,2026-09-15T11:58:54,2026-09-20T23:56:35
IRIS:024198,IRIS,2026년도 AI 기반 대학 과학기술 혁신사업(자율실험실) 신규과제 공모,과학기술정보통신부,한국연구재단,,과학기술정보통신부 공고 제2026-0956호,2026-09-14,자유공모,접수예정,2026-10-01,2026-10-14,0,AI 기반 대학 과학기술 혁신사업(자율실험실) 2026 김별희(0428696826)/박재희(0428696823),https://www.iris.go.kr/contents/retrieveBsnsAncmBtinSituListView.do,과학기술정보통신부 공고 제 2026-0956 호 2026 년도 AI 기반 대학 과학기술 혁신사업(자율실험실) 신규과제 공모 2026 년도 AI 기반 대학 과학기술 혁신사업(자율실험실) 신규과제 선정·지원 계획을 다음과 같이 공고합니다 . 2026 년 9 월 14일 < 주무부처 > 부총리 겸 과학기술정보통신부 장관 배경훈 < 전문기관 > 한국연구재단 이사장 홍원화,2026-09-15T11:58:55,2026-09-20T23:56:35
IRIS:024017,IRIS,2026년도 국가과학자지원사업(리더급 국가과학기술자) 공모,과학기술정보통신부,한국연구재단,,과학기술정보통신부 공고 제2026-0945호,2026-09-11,지정공모,접수중,2026-09-21,2026-10-12,0,국가과학자지원사업 2026 김진혁(0428696694),https://www.iris.go.kr/contents/retrieveBsnsAncmBtinSituListView.do,과학기술정보통신부 공고 – 제 2026-0945 호 2026 년도 국가과학자지원사업 (리더급 국가과학기술자 ) 공모 과학기술정보통신부에서 추진하는 「국가과학자지원 사업 (리더급 국가과학기술자 ) 」 를 다음과 같이 공모하오니 관심 있는 분들의 많은 신청 바랍니다 . 2026 년 9 월 11 일 < 주무부처 > 부총리 및 과학기술정보통신부 장 관 배 경 훈 < 전문기관 > 한국연구재단 이사장 홍 원 화 ※ 첨부파일 1. [공고문] 2026년도 국가과학자지원사업(리더급 국가과학기술자) 공모 2. 첨부목록 3. FAQ 및 매뉴얼 등 4. [추가] 사업설명회 발표자료 및 현장 질의 모음,2026-09-15T11:58:57,2026-09-20T23:57:53
IRIS:024097,IRIS,2026년도 미래개척융합과학기술개발사업 신규과제 제4차 공모,과학기술정보통신부,한국연구재단,,과학기술정보통신부 공고 제2026-0935호,2026-09-08,품목지정공모,접수예정,2026-09-23,2026-10-08,0,미래유망융합기술파이오니어(도전형) 2026 박철순(0428697838),https://www.iris.go.kr/contents/retrieveBsnsAncmBtinSituListView.do,"과학기술정보통신부 공고 제 2026 – 0935 호 2026 년도 미래개척융합과학기술개발사업 신규과제 제 4 차 공모 과학기술정보통신부가 추진하는 「 미래개척융합과학기술기술개발사업 」 의 제 4 차 신규과제를 아래와 같이 공모하오니 관심 있는 연구자들의 많은 참여 바랍니다 . 2026 년 9 월 8 일 < 주무부처 > 부총리 겸 과학기술정보통신부 장관 배 경 훈 < 전문기관 > 한국연구재단 이사장 홍 원 화 연번 RFP 관리번호 RFP 명 총 연구기간 당해 연구기간 총 연구비 ( 억원 ) 선정 과제수 * 과제형태 RFP 유형코드 1 2026- 정보 · 융합기술 -8- 품목공모 -01 AI 데이터센터용 다중코어 광섬유 (MCF) 기반 공간분할다중화 (SDM) 광인터페이스 ’26.10.~’31.12. (5 년 3 개월 ) ’26.10.~’27.03. (6 개월 ) 36 2 개 내외 일반 연구개발 R-0-1 * 공모 접수 결과 , 선정평가 결과 등을 고려하여 1 단계 주관연구개발기관을 복수 ‧ 단수 선정도 가능",2026-09-15T11:58:58,2026-09-20T23:56:35
IRIS:023937,IRIS,2026년 「AX실증밸리조성(R&D)」 사업 신규지원대상 과제 통합 공고(수정),"과학기술정보통신부,다부처",정보통신산업진흥원,,"과학기술정보통신부 공고 제2026-0913호, 산업통상부 공고 제2026-0567호, 기후에너지환경부 공고 제2026-0834호",2026-08-31,"자유공모,지정공모,품목지정공모",접수중,2026-09-16,2026-09-30,0,AX실증밸리조성(R&D)(내역1.모두의AI[내역1-1 내역1-2] 내역2.자율주행 모빌티리 AX[2-1]) 2026 김홍근(0626103912) AX실증밸리조성(R&D)(내역2.자율주행 모빌티리 AX[2-2]) 2026 김홍근(0626103912) AX실증밸리조성(R&D)(내역3.AI 기반 에너지 운영 최적화 및 안전관리) 2026 김홍근(0626103912),https://www.iris.go.kr/contents/retrieveBsnsAncmBtinSituListView.do,"과학기술정보통신부 공고 제 2026-0913 호 · 산업통상부 공고 제 2026-0567 호 · 기후에너지환경부 공고 제 2026-0834 호 2026 년 AX 실증밸리조성 (R&D) 사업 신규지원 대상과제 공고 (수정) 2026 년도 AX 실증밸리조성 (R&D) 사업의 신규 지원대상 연구개발과제 를 다음과 같이 공고 하오니 수행하고자 하는 자는 신청하여 주시기 바랍니다 . 2026 년 8 월 31 일 인공지능산업융합사업단장 □ 지원대상 사업 ○ AX 실증밸리조성 (R&D) 사업 □ 사업목적 ○ 실증거점 기반의 선제적인 첨단 AX 기술 도입을 통한 AI 중심 산업 경쟁력 및 국민 삶의 질 향상 - (' 모두의 AI' 구현 ) AI 적용의 혜택이 특정 그룹에 제한되지 않고 , 누구나 AI 를 활용하여 삶의 질을 향상시키고 혁신을 도모할 수 있는 ‘ 모두의 AI’ 구현 - ( 미래 모빌리티 AX 혁신 ) 물리 세계와 주어진 상황에 스스로 적응하고 진화하는 Physical AI 기반의 초지능 자율주행 모빌리티 및 제조 SDF 기술 구현 - (AI 기반 에너지 운영 최적화 및 안전관리 ) 차세대 전력망 구축과 탄소중립 실현 , 미래지향적 성장동력 확보를 목표로 AI 기술을 활용한 에너지 운영 최적화 및 안전관리 기술개발 □ 공모방식 및 공모대상 : 지정공모 (8 개 ) / 품목지정 (13 개 ) / 자유공모 (5 개 ) □ 공모기간 : 2026. 8. 31( 월 ) ～ 2026. 9. 30( 수 ), 30 일간 ○ 전산접수기간 : 2026. 9. 16( 수 ) ～ 2026. 9. 30( 수 ) 오후 3 시까지 (IRIS 시스템 시간 기준 ) * 신청서 전산등록 마감일 15 시 전까지 반드시 전산등록을 완료하여야 함 , 마감 시간 (15 시 ) 이후에는 전산등록 ( 제출 ) 불가함 * 전산 등록기간 마감일에는 접속 폭주로 인한 접수지연 및 장애가 발생할 수 있으므로 사전 등록 요망 (IRIS 시스템은 전산접수를 위한 사전 작업 ( 회원 가입 및 기관 등록 등 ) 이 약 반일 ∼ 1 일 정도 소요되므로 반드시 시간과 여유를 두고 접수 필요 ) □ 접수방법 : 범부처통합연구지원시스템 (iris.go.kr) 을 통한 신청 접수 ○ 사업공고 확인 ( 세부사업 , 내역사업 , RFP 명 등 ) 후 신청 접수 · 완료 * IRIS 를 통한 접수 방법은 매뉴얼 참조 ※ 관련 법령 개정 등 주요한 변경 사항 발생 시 수정 공고문을 게시할 수 있습니다 .",2026-09-15T11:58:59,2026-09-20T23:57:56
IRIS:023857,IRIS,중소제조 특화 Multi AI Agent 개발(R&D) 점프업 Track 시행계획 공고,중소벤처기업부,중소기업기술정보진흥원,,중소벤처기업부 공고 제2026-533호,2026-08-31,품목지정공모,접수예정,2026-10-01,2026-10-30,0,Multi AI Agent 개발 2027 윤보윤(0443000976),https://www.iris.go.kr/contents/retrieveBsnsAncmBtinSituListView.do,"중소벤처기업부 공고 제2026-533호 중소제조 특화 Multi AI Agent 개발(R&D) 점프업 Track 시행계획 공고 중소제조 특화 Multi AI Agent 개발(R&D) 점프업 Track 과제 모집을 위한 시행계획을 다음과 같이 공고하오니 동 사업에 참여하고자 하는 중소기업은 사업안내에 따라 신청하시기 바랍니다. 2026년 8월 31일 중소벤처기업부장관 ㅇ (통합공고 ) 신청 ·접수 : 2026년 10월 1일(목) ~ 2026년 10월 30일(금), 18시까지 - '중소제조 특화 Multi AI Agent 개발(R&D)' 中 점프업 Track에 한하여 모집합니다. - 스마트제조혁신기술개발사업(첨단제조, 유연생산)을 수행한 과제에 한하여 신청 · 접수 가능합니다. 스마트제조혁신R&D를 수행한 주관 및 공동연구개발기관이 동 사업의 주관연구개발기관으로 지원 가능합니다. 자세한 내용은 첨부파일을 반드시 참고하여 주시기 바랍니다.",2026-09-15T11:59:00,2026-09-20T23:56:35
IRIS:023699,IRIS,test,,한국보건산업진흥원,,KH_2026_004,2026-08-31,미등록,접수예정,,,0,,https://www.iris.go.kr/contents/retrieveBsnsAncmBtinSituListView.do,test,2026-09-15T11:59:01,2026-09-20T23:56:37
IRIS:023417,IRIS,테스트,,한국연구재단,,NR_2026_083,2026-08-10,미등록,접수예정,,,0,,https://www.iris.go.kr/contents/retrieveBsnsAncmBtinSituListView.do,테스트,2026-09-15T11:59:02,2026-09-20T23:56:38
IRIS:017852,IRIS,(TEST) KISTEP 통합공고 테스트 입니다.,과학기술정보통신부,한국과학기술기획평가원,,IT_2026_001,2026-07-28,"분야공모,자유공모",접수중,2026-03-01,2027-12-31,0,KISTEP 2026 내역사업 TEST 생성 2026 김원주(0437502300) 중소벤처24 연계 테스트 및 연구장비 사업(TEST) 2026 김원주(0437502300),https://www.iris.go.kr/contents/retrieveBsnsAncmBtinSituListView.do,ㄷㄷㄷㄷㄷㄷㄷㄷㄷㄷㄷㄷㄷㄷㄷ,2026-09-15T11:59:03,2026-09-20T23:57:57
IRIS:022074,IRIS,중소기업 수출 핵심품목 탄소감축 기술개발사업 실증 지원기관 모집 공모,,중소기업기술정보진흥원,,TI_2026_004,2026-05-29,미등록,접수예정,,,0,,https://www.iris.go.kr/contents/retrieveBsnsAncmBtinSituListView.do,※ 접수기간 : 2026. 5. 29.(금). ~ 6.12.(금). 18:00까지 ※ 접수처 : (전자메일) srnd@tipa.or.kr,2026-09-15T11:59:05,2026-09-20T23:56:40
IRIS:020938,IRIS,test,,한국연구재단,,NR_2026_061,2026-04-14,미등록,접수예정,,,0,,https://www.iris.go.kr/contents/retrieveBsnsAncmBtinSituListView.do,테스트,2026-09-15T11:59:19,2026-09-20T23:56:41
IRIS:019314,IRIS,2026년도 의료용 방사성동위원소 생산기술 및 시스템 고도화사업 신규과제(정책지정) 연구개발계획서 접수,,한국연구재단,,NR_2026_022,2026-02-19,미등록,접수예정,,,0,,https://www.iris.go.kr/contents/retrieveBsnsAncmBtinSituListView.do,2026-거대인프라방사선단-1-정책지정 2026년도 의료용 방사성동위원소 생산기술 및 시스템 고도화사업 신규과제(정책지정) 연구개발계획서 접수 ■ (2026-거대인프라방사선-1-정책지정-1) 베타방출 치료용 방사성동위원소 루테튬 -177 의 대량생산 기술 개발 및 원료의약품 수준 규격화 ■ ■ (2026-거대인프라방사선-1-정책지정-2) 베타방출 치료용 방사성동위원소 루테튬 -177 의 GMP 수준 대량생산 시스템 구축 및 운영체계 확립,2026-09-15T11:59:21,2026-09-20T23:56:42
IRIS:017155,IRIS,2026년도 10대 메가프로젝트 기술산업화 사업공고,,한국산업기술진흥원,,KI_2025_017,2025-12-23,미등록,접수예정,,,0,,https://www.iris.go.kr/contents/retrieveBsnsAncmBtinSituListView.do,test,2026-09-15T11:59:22,2026-09-20T23:56:57
IRIS:016854,IRIS,테스트,,한국연구재단,,NR_2025_399,2025-11-28,미등록,접수예정,,,0,,https://www.iris.go.kr/contents/retrieveBsnsAncmBtinSituListView.do,ㅇㅇ,2026-09-15T11:59:23,2026-09-20T23:56:58
IRIS:014078,IRIS,2025년도 『인공지능 챔피언(AI Champion)』대회 공고,,정보통신기획평가원,,과학기술정보통신부 공고 제2025-0664호,2025-06-17,미등록,접수예정,,,0,,https://www.iris.go.kr/contents/retrieveBsnsAncmBtinSituListView.do,"과학기술정보통신부 공고 제 2025-0664 호 2025 년도 『 인공지능 챔피언 (AI Champion) 』 대회 공고 과학기술정보통신부에서 주최하는 2025 년도 「 인공지능 챔피언 (AI Champion) 」 대회를 다음과 같이 공고하오니 , 관심 있는 참가자 ( 팀 ) 들의 많은 참여를 바랍니다 . 2025 년 6 월 17 일 과학기술정보통신부 장관 정보통신기획평가원 원장 한국정보통신기술협회 회장 1. 대회 목적 □ 혁신적인 인공지능 (AI) 분야 신기술 · 제품 · 서비스 를 발굴 , 소개 하고 AI 연구팀 의 창의 · 도전적인 R&D 지원 ○ 급변하는 AI 분야 특성 을 고려 하여 연구하고 있는 기술 을 자유롭게 제시 하고 , 경쟁 과정을 방송 으로 홍보 하여 국민의 AI 관심도 고취 [ 참고 : 인공지능 챔피언 (AI Champion) 대회 개요 ] ○ 인공지능 분야 자유주제 로 자유롭게 구성된 연구팀 이 경진대회를 통해 AI 분야 혁신 기술 · 제품 · 서비스 를 선보이며 도전적인 AI R&D 문화 조성 ※ 관련사업 : AI 챔피언프로젝트지원 2. 대회 주제 ◈ 인공지능 전 분야 에 걸쳐 파급력 있는 혁신적 기술을 선보일 수 있는 모든 주제 대상 ※ 생성 AI, 피지컬 AI, AI 에이전트 등 고도화된 AI 기술 영역 또는 모빌리티 , 헬스케어 , 금융 , 에너지 , 교육 , 공공 , 재난대응 등 AI 융합 혁신 기술 전 영역 ※ 추가 공고가 필요한 세부사항은 추후 홈페이지를 통해 공고 3. 근거 법령 및 관련 규정 근거법령 o 국가연구개발혁신법 , 동법 시행령 및 관련 행정규칙 * * 국가연구개발사업 연구개발비 사용기준 , 국가연구개발사업 연구노트 지침 , 국가 연구개발사업 동시수행 연구개발과제 수 제한기준 , 국가연구개발정보처리기준 등 o 과학기술기본법 , 정보통신산업진흥법 , 방송통신발전기본법 및 하위법령 , 시행규칙 o 정보통신 진흥 및 융합 활성화 등에 관한 특별법 , 동법 시행령 및 시행규칙 o 국가연구개발 시설 · 장비의 관리 등에 관한 표준지침 등 기타 관련 법령 일체 관련규정 o 정보통신 · 방송 연구개발 관리규정 o 정보통신 · 방송 연구개발 보안관리 규정 o 정보통신 · 방송 연구윤리 진실성 확보 등에 관한 규정 4. 대회 진행방식 ① ( 접수 ‧ 사전 심사 ) 참가를 원하는 연구팀은 구현 제안서 등 관련 서류 * 를 제출 하여 사전 심사 를 통해 최대 100 개팀 선발 * 참가 시 제출이 필요한 자료는 추후 대회 홈페이지 (ai-champion.or.kr) 를 통해 안내 ② ( 연구 · 시제품 개발 ) 선발된 연구팀 은 제출한 구현제안서 등 자료에 근거한 연구개발 및 시제품 제작 을 진행 ※ AI 연구인프라 , 워크샵 , 세미나 등 연구환경 일부 지원 예정 으로 세부사항은 추후 대회 홈페이지 (ai-champion.or.kr) 를 통해 공고 ③ ( 중간 심사 ) 사전심사 통과 연구팀 의 중간 산출물 을 대회 전 제출 하여 중간 심사 를 통해 본 대회에서 경쟁 할 본선 진출 연구팀 선발 ④ ( 대회 심사 ) 중간 심사 계획 에 따라 선발된 연구팀 은 최종 결과물 을 제출 하고 연구결과물 발표 · 시연 심사 를 거쳐 우수 연구팀 선발 ※ 평가 기준 · 방법 등 세부사항은 심사위원단의 심의를 거쳐 추후 대회 홈페이지 (ai-champion.or.kr) 를 통해 안내 대회 접수 사전 심사 중간 심사 본대회 심사 최종 선발 필수서류 및 선택서류 구현제안서 등 제출서류 평가 ※ 최대 100 개 연구팀 선발 중간 결과물 제출 및 심사 ※ 최대 20 개 연구팀 선발 연구 결과물 최종 제출 및 발표 · 시연 평가 우수 연구팀 후속연구 지원 ※ 상기 절차 및 일정은 대회 사정에 따라 변경 가능 ( 변경 시 , 대회 홈페이지에 공지 및 해당 참가 연구팀 전원에게 이메일 안내 예정 ) 5. 대회 일정 □ 대회 공고 : ’25. 6. 17( 화 ) ∼ ’25. 7. 23( 수 ) □ 대회 ( 사업 ) 설명회 : ’25. 7. 8( 화 ) 15:00 * ( 장소 ) 나인트리 프리미어 로카우스 호텔 서울 용산 5 층 하모니스홀 □ 대회 접수 : ’25. 7. 1( 화 ) ∼ ’25. 7. 23( 수 ) 17:00 까지 6. 우수 연구팀 * 특전 * 인공지능 챔피언 본 대회를 통해 최종 선발된 우수 연구팀 □ 인공지능 분야 후속연구 를 추진할 수 있도록 국가연구개발사업 의 R&D 과제 지원 대상 으로 선정 하여 지원 ※ 총 지원 규모는 최대 60 억 원 이내 로 지원 방법 및 세부 사항은 추후 공고 ○ 대회 결 과 및 수상 연구팀 이 제출한 후속연구개발계획서 에 따라 전체 지원 규모 및 연구팀별 지원 규모 가 조정될 수 있음 ※ 최종 지원대상 및 규모는 심사위원 평가 등을 포함한 최종 점수 도출 후 ‘ 대회 운영위원회 ’ 와 ‘ 과기정통부 종합사업심의위원회 ’ 에서 확정 함 ※ 상위 점수를 받은 연구팀이 연구개발혁신법 상 지원받을 수 없는 대상 이거나 후속연구 지원 포기 희망 시 , 적격한 기관 ( 연구팀 ) 을 추가 선정 하여 지원 할 수 있음 ▶ 법 제 2 조제 3 호 , 영 제 2 조의 연구개발기관에 포함되지 않는 경우 , 영 제 12 조제 5 항 ( 최근 3 년이내 제재 처분 및 연구개발과제 수행 포기 ), 정보통신 · 방송 연구개발 관리규정 제 21 조 제 5 항 ( 사전지원제외대상 ) ※ 후속연구 지원 자격을 갖춘 연구팀 ( 기관 ) 이 후속연구 지원 포기 희망 시 참여의향서 및 부속서류 내 , ‘ 후속연구 포기의향서 ’ 제출 필요 7. 참가 방법 가 . 대회 참가 대상 ○ 본 챌린지에 관심 있는 국내외 누구나 참여 가능 ( 연구팀 구성 필수 ) ※ 외국 소재의 기업 · 대학 · 연구소 , 재외국민 및 외국인 등을 연구팀에 포함 가능하되 , 후속연구 지원 시 관련 규정에 따른 적정 요건 충족 필요 ※ 후속연구 대상 등 사항은 공고문의 8. 후속연구 관련안내 참조 나 . 대회 신청요령 ○ ( 참가신청 기간 ) ’25. 7. 1.( 화 ) 11:00 ∼ 7. 23( 수 ) 17:00 까지 ○ ( 접수처 ) 대회 홈페이지 (https://ai-champion.or.kr) 상단의 [ 접수 ] 메뉴 ○ ( 신청방법 ) 대회 홈페이지 를 통해 전산 접수 * 신청 접수는 전산으로만 진행하며 , 전산 접수 마감 시간 이후에는 전산 접수 불 가 ** 기재사항 허위 작성 시 탈락 또는 협약해약 등 불이익 조치 예정 ○ ( 유의사항 ) 참가신청 마감일 에는 전산폭주로 인한 접수지연 및 장애가 발생할 수 있으므로 사전에 접수 요망 다 . 사업설명회 개최안내 구 분 내 용 일시 / 방법 ㅇ 7 . 8.( 화 ) 15:00 / 오프라인 설명회 및 Youtube * 를 통한 라이브 스트리밍 * 채널 : Youtube 검색창에 검색 ( 한국정보통신기술협회 Youtube 채널 ) 장소 ㅇ 나인트리 프리미어 로카우스 호텔 서울 용산 5 층 플로리스홀 * 변동 시 추후 대회 홈페이지 (https://ai-champion.or.kr) 를 통해 별도 안내 주요내용 ㅇ 대회 신청 방법 , 신청 절차 , 유의 사항 등 대회 참여 필요한 사항 ㅇ 대회 환경 , 평가방법 등 기타 사항 안내 및 질의응답 8. 후속연구 관련 안내 가 . 주요사항 ○ 본 대회는 ’25 년도 국가연구개발사업의 지원 대상자와 지원규모를 결정하는 절차이며 , 최종 확정은 과학기술정보통신부 심의결과를 따름 ○ 본 대회 결과 ( 정성평가 포함 ) 외 , 다른 우대 / 감점 기준은 적용하지 않음 나 . 후속연구 수행 자격 ○ 본 대회에서 우수 연구팀으로 선발된 연구팀 ○ 기업 , 대학 , 연구기관 , 연구조합 , 사업자단체 등 관련 법령 및 규정에 해당하는 기관 ( 연구팀 ) ※ 국가연구개발혁신법 제 2 조제 3 항 및 동법 시행령 제 2 조 ( 연구개발기관 ) ※ 개인 ( 대학 ( 원 ) 생 , 일반인 등 ) 이 우수 연구자 ( 팀 ) 으로 선발된 경우 , 후속연구 지원을 위해서는 본인이 참여하는 연구체계 ( 대학산학협력단 · 법인 등 ) 구성 필수 다 . ‘ 정부지원연구개발비 ’ 지원 기준 o 연구개발과제의 연구개발비는 정부가 지원하는 연구개발비 (‘ 정부지원연구개발비 ’) 와 연구개발기관이 부담하는 연구개발비 (‘ 기관부담연구개발비 ‘) 를 포함함 o 국가연구개발혁신법 시행령 제 19 조 제 1 항에 제 1 호부터 제 4 호까지 해당되는 기업은 기관부담연구 개발비를 부담해야 하며 , 다음에 해당하는 경우에는 기관부담연구개발비를 부담하지 아니함 - 비영리기관 - 해당 연구개발기관의 연구개발성과를 국가 소유로 하는 경우 - 해당 연구개발기관이 위탁연구개발기관으로서 연구개발과제의 일부를 수행하는 경우 - 「 연구산업진흥법 」 제 6 조제 1 항에 따라 신고한 전문연구사업자가 시험 · 분석 등 연구개발 서비스의 제공만을 목적으로 하는 공동연구개발기관으로서 연구개발과제를 수행하는 경우 o 동 과제는 공개소프트웨어 연구개발과제로 연구개발비의 전부를 정부지원연구개발비로 지원할 수 있음 o 연구개발비의 산정 및 사용 기준은 「 국가연구개발사업 연구개발비 사용 기준 」 을 적용함 라 . 영리기관 인건비 현금산정 기준 < 영리기관 소속 참여연구자의 인건비는 현물계상이 원칙이나 , 아래의 경우 현금산정이 가능함 > o 중소 · 중견기업인 연구개발기관이 해당 과제의 수행을 위해 신규로 채용하는 연구자의 인건비 ※ 신규채용 연구자는 사업공고일 기준 6 개월 이전부터 과제 종료 시까지 채용한 인력임 o 중소 · 중견기업인 연구개발기관이 채용한 신규 참여연구자의 현금 인건비가 해당과제 연구개발기관 연차별 인건비 총액 ( 현금 + 현물 ) 의 30% 이상일 경우 신규 참여연구자 현금 인건비만큼의 기존인력 인건비 - 과제선정 후 신규 채용인력의 현금 인건비가 해당년도 인건비 총액의 30% 미만으로 집행된 경우는 정산 시 해당년도 기존인력의 현금 인건비를 전액 불인정함 - 신규 채용인력의 해당년도 현금 인건비가 해당년도 인건비 총액의 30% 이상 집행되었더라도 연구개발계획서보다 적게 집행했을 경우 해당 차액만큼 기존인력의 현금 인건비를 불인정함 o 국가연구개발사업 연구개발비 사용기준 제 65 조제 4 항 2 호에 따른 전문사업연구자로 신고된 연구개발기관 소속 참여연구자의 인건비 - 단 , 신청 시 전문사업연구자 신고증을 제출한 경우에 한함 o 지식서비스분야 , S/W 또는 설계기술 과제를 수행하는 연구개발기관 소속 연구자의 인건비 ※ 첨부 참고자료 ( 영리기관의 인건비 현금인정 분야 ) 에 따르되 , 해당 분야로 신청된 경우라 하더라도 평가위원회에서 인정하지 않는 경우에는 인건비 현금산정 불가 o 창업기업 ( 사업개시일로부터 연구개발기간 시작일까지 7 년이 지나지 아니한 중소기업 ) 인 연구개발기관 소속 참여연구자의 인건비 마 . 정부지원연구개발비 비례 신규 인력 채용 o 연구개발과제를 수행하는 연구개발기관이 기업인 경우 총 연구개발기간의 정부지원연구개발비 총액을 기준으로 매 5 억원 당 1 명 이상의 비율로 청년 ( 만 18 세 ∼ 34 세 ) 을 참여연구원으로 신규 채용해야 함 ※ 신규채용 연구원 ( 청년인력 ) 은 사업공고일 기준 6 개월 이전부터 과제 종료 시까지 채용한 인력이며 채용 시점에 청년기준에 부합해야 함 o 대상기업은 1 차년도에 최소 1 명을 채용하고 , 지급받는 정부지원연구개발비가 매 5 억원이 되는 해당연도마다 청년 연구인력을 채용하며 1 년 이상 고용상태를 반드시 유지해야 함 o 해당 인력을 채용 후 1 년 이상 유지하지 못하고 해고하거나 채용하지 아니한 경우 해당 인건비 전액을 불인정 ( 기 지급한 금액 포함하되 , 자발적 퇴사의 경우 기 지급한 금액은 예외로 함 ) o [ 예시 ] 정부지원연구개발비 15 억원의 ICT R&D 과제를 총 5 년 동안 수행하는 중소기업 - 총수행기간 5 년 동안 지급받는 정부지원연구개발비가 15 억원이므로 총 3 명 이상 채용해야 함 - 채용 시점은 지급받는 정부지원연구개발비가 매 5 억원이 되는 시점 (V 표시 ) 이나 첫 5 억원을 지급받는 시점과는 별개로 1 차년도에 최소 1 명을 우선 채용해야 함 사업연도 1 차년도 2 차년도 3 차년도 4 차년도 5 차년도 해당연도 정부지원연구개발비 3 억 3 억 3 억 3 억 3 억 매 5 억원 이상인 시점 V V",2026-09-15T11:59:25,2026-09-20T23:57:00
IRIS:013358,IRIS,"2025년도 Horizon Europe 프로그램 Cluster 3, Cluster 4 과제참여 안내",,정보통신기획평가원,,II_2025_003,2025-04-30,미등록,접수예정,,,0,,https://www.iris.go.kr/contents/retrieveBsnsAncmBtinSituListView.do,"2025 년도 Horizon Europe 프로그램 Cluster 3, Cluster 4 과제참여 안내 2025 년 Horizon Europe 준회원국으로 가입함에 따라 , EU 제 9 차 연구혁신 프로그램인 Horizon Europe 의 Cluster 3 ( 시민안전 , 사이버 보안 ) 및 Cluster 4 ( 디지털 , 산업 , 우주 ) 분야에 참여를 희망하는 연구자 및 기관을 위한 정보제공을 목적으로 합니다. 자세한 내용은 첨부파일을 참고해주세요. 2025 년 4 월 30 일 정보통신기획평가원 글로벌협력팀",2026-09-15T11:59:26,2026-09-20T23:57:01
IRIS:012636,IRIS,2025년도 방사선융복합산업지원사업 신규과제(정책지정) 연구개발계획서 접수,,한국연구재단,,NR_2025_050,2025-04-02,미등록,접수예정,,,0,,https://www.iris.go.kr/contents/retrieveBsnsAncmBtinSituListView.do,2025년도 방사선융복합산업지원사업의 신규과제(정책지정) 연구개발계획서 접수,2026-09-15T11:59:27,2026-09-20T23:57:02
IRIS:012635,IRIS,2025년도 방사선융복합산업지원사업 신규과제 연구개발계획서 접수,,한국연구재단,,과학기술정보통신부 공고 제2025 ？ 274호,2025-03-06,미등록,접수예정,,,0,,https://www.iris.go.kr/contents/retrieveBsnsAncmBtinSituListView.do,과학기술정보통신부 공고 제 2025 – 274 호 2025 년도 방사선 융복합 산업 지원사업 신규과제 공모 과학기술정보통신부가 추진하는 「 방사선 융복합 산업 지원사업 」 의 신규과제를 아래와 같이 공모하오니 관심 있는 연구자들의 많은 참여 바랍니다 . 2025 년 3 월 6 일 < 주무부처 > 과학기술정보통신부 장관 유 상 임 < 전문기관 > 한국연구재단 이사장 홍 원 화 < 총괄주관기관 > 한국방사선진흥협회 회장 김 상 은 지원 유형 지원 분야 총 연구기간 당해 연구기간 총 연구비 ( 억원 ) 선정 과제수 과제형태 기술고도화 ( 제품화 ) R&D ( 자유공모 ) 방사선기기 제조 분야 ’25.4.~’28.12. (3 년 9 개월 ) ’25.4.~’25.12. (9 개월 ) 15.25 내외 6 개 내외 일반 연구개발 기술실증형 R&D ( 자유공모 ) 방사선 이용기술 전 분야 ’25.4.~’26.9. (1 년 6 개월 ) ’25.4.~’25.12. (9 개월 ) 2.2 내외 3 개 내외 일반 연구개발,2026-09-15T11:59:28,2026-09-20T23:57:03
IRIS:010280,IRIS,d,,한국산업기술진흥원,,KI_2025_002,2025-02-18,미등록,접수예정,,,0,,https://www.iris.go.kr/contents/retrieveBsnsAncmBtinSituListView.do,d,2026-09-15T11:59:29,2026-09-20T23:57:04
IRIS:007615,IRIS,2024년도 전략기술 테마별 프로젝트(DCP) 제2차 기술수요조사 시행계획 공고,,중소기업기술정보진흥원,,중소벤처기업부공고 제2024-574호,2024-11-18,미등록,접수예정,,,0,,https://www.iris.go.kr/contents/retrieveBsnsAncmBtinSituListView.do,"중소벤처기업부공고 제2024-574호 2024년도 전략기술 테마별 프로젝트(DCP) * 제2차 기술수요조사 시행계획 공고 * DCP : Deep-tech Challenge Project 『2024년 전략기술 테마별 프로젝트(DCP) 제2차 기술수요조사』 시행계획을 다음과 같이 공고하오니, 많은 참여와 신청 바랍니다. 2024년 11월 18일 중소벤처기업부 장관 - 아 래 - □ 조사목적 : 전략기술 테마별 프로젝트 발굴을 위해 기술수요를 파악하고, 도전적 목표를 갖는 RFP 기획에 활용 □ 조사기간 : 2024. 11. 18(월) ~ 2024. 12. 27.(금), 18:00 까지 * 전산 접수기간 : 12.2( 월 ) ~ 12.27(금 ), 18:00 까지 * 사업설명회 : 2024. 12. 2(월) 11:00, 팁스타운 S1 지하1층 팁스홀 □ 조사대상 : 전략기술 테마별 프로젝트 에 관심이 있는 중소벤처기업, 대학 · 연구기관, 학회 · 협회 등에 소속된 자 □ 조사분야 : 12 대 국가전략기술 및 탄소중립 분야 □ 제출방법 : 온라인 (IRIS) 접수 및 신청 ·등록 * 수요조사 온라인 접수방법 : 범부처통합연구지원시스템(iris.go.kr) 접속 → 로그인 → ""R&D업무포털"" 클릭 → 상단 ""사업기획"" 메뉴 중 ""정기 수요조사"" 클릭 → 정부부처(중소벤처기업부), 전문기관(중소기업기술정보진흥원) 선택 후 검색 → 공고 선택 → 내용입력 후 파일첨부 → 저장 및 제출 □ 제출서식(첨부파일 참고) : 기술수요조사서 1부, 개인정보 수집 · 이용 동의서 1부 □ 세부내용은 첨부된 공고문을 참조하시기 바랍니다.",2026-09-15T11:59:44,2026-09-20T23:57:05
IRIS:007275,IRIS,2024년도 신규프로젝트 탐색연구사업 과제 공모,,한국연구재단,,우주항공청 공고 제 2024-0018호,2024-08-28,미등록,접수예정,,,0,,https://www.iris.go.kr/contents/retrieveBsnsAncmBtinSituListView.do,우주항공청 공고 제 2024-0018 호 2024 년도 신규프로젝트 탐색연구사업 과제 공모 우주항공청이 추진하는 2024 년도 신규프로젝트 탐색연구사업 과제를 아래와 같이 공모하오니 관심 있는 연구자들의 많은 참여 바랍니 다 . 2024 년 8 월 28 일 우주항공청장 윤 영 빈 한국연구재단 이사장 이 광 복,2026-09-15T11:59:45,2026-09-20T23:57:06
IRIS:006454,IRIS,2024년도 STEAM연구 사업 하반기 신규과제 재공고,과학기술정보통신부,한국연구재단,,과학기술정보통신부 공고 제2024-707호,2024-06-21,분야공모,접수예정,2024-06-21,9999-12-31,0,과학난제도전융합연구개발 2024 박철순(0428697838) 미래유망융합기술파이오니어(전략형) 2024 박철순(0428697838)/전진희(0428697738)/한보경(0428697737),https://www.iris.go.kr/contents/retrieveBsnsAncmBtinSituListView.do,과학기술정보통신부 공고 제 2024 – 707 호 2024 년도 STEAM 연구사업 하반기 신규과제 재공고 과학기술정보통신부에서 추진하는 ‘STEAM 연구사업 ( 미래유망융합기술파이오니어 _ 전략형 ) ’ 의 2024 년도 하반기 신규과제를 아래와 같이 재공고하오니 관심 있는 연구자들의 많은 참여 바랍니다 . 2024 년 6 월 21 일 < 주무부처 > 과학기술정보통신부 장 관 이 종 호 < 전문기관 > 한국연구재단 이사장 이 광 복,2026-09-15T11:59:46,2026-09-20T23:57:20
IRIS:006375,IRIS,2024년도 바이오·의료기술개발사업 신규과제(GloPID-R) 재공모(2차),,한국연구재단,,NR_2024_363,2024-05-22,미등록,접수예정,,,0,,https://www.iris.go.kr/contents/retrieveBsnsAncmBtinSituListView.do,"2024 년도 바이오 ？ 의료기술개발사업 신규과제 재공모 (2 차 ) 한국생명공학연구원은 바이오의료 · 기술개발사업 의 성공적인 추진을 위하여 , 해외기관 협력을 통한 감염병 대응 국제공동연구를 수행하고자 다음과 같이 신규과제를 재공모하오니 , 과제를 수행하고자 하시는 관련 분야 연구자께서는 신청해주시기 바랍니다 . 2024 년 5 월 22 일 한국생명공학연구원장",2026-09-15T11:59:47,2026-09-20T23:57:21
IRIS:006134,IRIS,2024년도 제 2차 장애인·노인 자립생활을 위한 보조기기 실용화 연구개발사업 신규지원 대상과제 공고,보건복지부,한국보건산업진흥원,,보조기기실용화연구개발사업단공고 제2024-2호,2024-05-03,지정공모,접수예정,9999-12-31,9999-12-31,0,전자제어형 유압식 대퇴의지 기술개발 2024 심재우(029011326),https://www.iris.go.kr/contents/retrieveBsnsAncmBtinSituListView.do,"◎ 보조기기실용화연구개발사업단공고 제2024-2호 2024년도 제2차 장애인·노인 자립생활을 위한 보조기기 실용화 연구개발사업 신규지원 대상과제 통합공고 2024년도 제2차 장애인·노인 자립생활을 위한 보조기기 실용화 연구개발 사업 신규 지원 대상과제 를 다음과 같이 공고하니 해당 연구개발과제를 수행하고자 하는 자 는 관련 규정에 따라 신청하여 주시기 바랍니다. 2024년 5월 03일 국립재활원장 보조기기실용화연구개발사업단장 ■ 공고단위 안내 ※ 접수 전 반드시 확인해 주시기 바랍니다. ※ 과제접수 마감일 16:00까지 모든 과제 정보의 전산입력 완료 및 제출서류(연구계획서 및 첨부자료)를 업로드 하여 ‘제출완료’인 과제만 접수하는 것을 원칙으로하며, 마감일 17:00까지 주관연구개발기관 기관담당자 승인이 완료되어야 함(마감일 16:00이후 접수 및 전자인증 절대 불가함) ※ 전산 정보 입력 및 제출서류 업로드 시 연구자가 예상한 시간보다 더 많은 소요시간이 소요될 수 있으며(최소 2시간 이상), 제출 마감일에 접속 과부하로 인하여 접수가 지연되거나 장애가 발생할 수 있으므로 사전에 접수 요망. ※ 2024년도 신규지원 대상과제는 IRIS(https://www.iris.go.kr)를 통해 과제신청, 평가 및 관리업무를 진행합니다. * IRIS(Integrated R&D Information System): 각 부처 및 전문기관별로 운영하고 있던 시스템을 하나로 통합한 범부처통합연구지원시스템 RFP 번호 세부 사업명 공고단위 (RFP명) 사업내용(RFP) 안내 평가일정/절차 안내 연구책임자 과제신청(전산입력) 마감일시 주관연구개발기관 검토·승인 마감일시 담당자 연락처 (02-901-*1***) 담당자 연락처 (02-901-*1***) 1 장애인·노인 자립생활을 위한 보조기기 실용화 연구개발사업 전자제어형 유압식 대퇴의지 개발 및 인증, 실증을 통한 상용화 심재우 326 박의빈 윤성호 381 386 2024. 6. 03. (월), 16:00 2024. 6. 03. (월), 17:00 ○ 담당자 안내 - 과제 접수(시스템 입력)관련 : 범부처통합연구지원시스템(1877-2041) ※ IRIS 콜센터 운영시간 : 09:00 ~ 18:00 - IRIS 과제 신청(시스템 입력): 2024년 5월 03일 오픈 예정",2026-09-15T11:59:48,2026-09-20T23:57:21
IRIS:005439,IRIS,2024년도 한-미공군 과학연구실 공동연구지원사업 본평가(2차) 대상과제 선정결과,,한국연구재단,,과학기술정보통신부 제2024-0425호,2024-04-15,미등록,접수예정,,,0,,https://www.iris.go.kr/contents/retrieveBsnsAncmBtinSituListView.do,과학기술정보통신부 공고 제 2024-0425 호 2024 년도 한 - 미공군 과학연구실 공동연구지원사업 본평가 (2 차 ) 대상과제 선정 결과 2024 년도 한 - 미공군 과학연구실 공동연구 지원사업 본평가 (2 차 ) 대상과제를 아래와 같이 공고합니다 . 2024 년 04 월 15 일 과학기술정보통신부 장관 이 종 호 한국연구재단 이 광 복 과제명 연구책임자 주관기관 편광 제어가 가능한 전기 구동 실리콘 단일 광자 소스 남기태 서울대학교 초전도 위상 경계모드 조절 연구 김준성 포항공과대학교 안정된 라디칼과 발색단분자로 구성된 공결정 전자 스핀 큐빗 개발 이호재 광주과학기술원 원자단위 정밀성을 가진 큐빗 정렬 기반 금속 - 유기 재료 박선아 포항공과대학교 < 문의 > □ 과학기술정보통신 부 국제협력관 미주아시아협력담당관 o 김상원 사무관 ☎ 044) 202-4341 E-mail : asdazx123@korea.kr o 오곤지 주무관 ☎ 044) 202-4346 E-mail : rhswl9@korea.kr □ 한국연구재단 국제협력본부 미주아시아협력팀 o 신찬섭 연구원 ☎ 02) 3460-5704 E-mail : manchu6d@nrf.re.kr o 조민정 연구원 ☎ 02) 3460-5706 E-mail : mjjo@nrf.re.kr ※ 본 평가(2차) 관련 평가대상자 별도 공지,2026-09-15T12:00:03,2026-09-20T23:57:22
IRIS:003919,IRIS,2024년도 중소기업기술개발 지원사업 '산학연 Collabo R&D사업(산학협력/예비연구)' 시행계획 공고,,중소기업기술정보진흥원,,TI_2024_014,2024-02-23,미등록,접수예정,,,0,,https://www.iris.go.kr/contents/retrieveBsnsAncmBtinSituListView.do,"중소벤처기업부 공고 제2024-115호 2024년도 중소기업기술개발 지원사업 '산학연 Collabo R&D사업(산학협력/예비연구)' 시행계획 공고 『 2024년도 산학연 Collabo R&D사업(산학협력/예비연구) 』 시행계획을 다음과 같이 공고하오니, 동 사업에 참여하고자 하는 중소기업은 사업안내에 따라 신청하시기 바랍니다. 2024년 2월 15일 중소벤처기업부장관",2026-09-15T12:00:31,2026-09-15T12:00:31
IRIS:024077,IRIS,2026년도 제4차 첨단재생의료 임상연구 활성화 지원 사업 신규과제 공고,보건복지부,한국보건산업진흥원,,첨단재생의료임상연구활성화지원사업단 공고 제2026-04호,2026-09-15,품목지정공모,접수중,2026-09-15,2026-10-14,0,첨단재생의료 임상연구 지원 2026 김성혁(0263652241),https://www.iris.go.kr/contents/retrieveBsnsAncmBtinSituListView.do,"※ 첨단재생의료 임상연구 활성화 지원 사업단 공고 제2026-04호 2026 년도 제4차 첨단재생의료 임상연구 활성화 지원 사업 신규과제 공고 2026년도 제4 차 첨단재생의료 임상연구 활성화 지원 사업 신규지원 대상과제 를 다음과 같이 공모하오니 해당 연구개발과제를 수행하고자 하는 관련기관 및 연구자는 관련 규정에 따라 신청하여 주시기 바랍니다. 2026 년 9 월 첨단재생의료 임상연구 활성화 지원 사업단장 ■ 공고단위 안내 ※ 공고문 및 기타 세부사 항 등은 첨부 파일 참고 ※ 과제접수 마감일 16:00까지 모든 과제 정보의 전산입력 완료 및 제출서류를 업로드하여 '제출완료'인 과제만 접수하는 것을 원칙으로 함(마감일 16:00 이후 접수 및 전자인증 절대 불가) ※ 신규지원 대상과제는 범부처통합연구지원시스템(IRIS)를 통해 과제 신청, 평가 및 관리업무 진행 세부 사업명 공고단위(RFP명) 연구책임자 과제신청 마감일시 주관연구개발기관 검토 및 승인 마감 일시 [일반형] 첨단재생의료 임상연구 지 원 고위험 첨단재생의료 임상연구 2026. 10. 14.(수) 16:00 2026. 10. 14.(수) 16:00 중위험 첨단재생의료 임상연구 저위험 첨단재생의료 임상연구 [심화형] 첨단재생의료 임상연구 고도화 지 원 고위험 첨단재생의료 임상연구 고도화 2026. 10. 14.(수) 16:00 2026. 10. 14.(수) 16:00 중위험 첨단재생의료 임상연구 고도화 저위험 첨단재생의료 임상연구 고도화 ㅇ 전산오픈 예정일 : 2026. 9. 15.(화) 14:00",2026-09-15T12:01:03,2026-09-20T23:57:52
IRIS:024200,IRIS,TEST,과학기술정보통신부,한국과학기술기획평가원,,IT_2026_003,2026-09-14,자유공모,접수중,2026-09-14,2026-09-20,0,가상현실 LOT 기반 VR 개발_TEST 2026 김영도(0437502300),https://www.iris.go.kr/contents/retrieveBsnsAncmBtinSituListView.do,TEST,2026-09-15T12:01:04,2026-09-19T23:58:56
IRIS:024199,IRIS,2026년 4극3특 대경권 과학기술혁신지원사업 연구단 모집 공고,과학기술정보통신부,연구개발특구진흥재단,,IN_2026_054,2026-09-14,자유공모,접수중,2026-09-14,2026-10-12,0,대경권 과학기술혁신지원 2026 권진원(0537851131),https://www.iris.go.kr/contents/retrieveBsnsAncmBtinSituListView.do,"2026년 4극3특 대경권 과학기술혁신지원사업 연구단 모집 공고 수도권 일극체제 극복 및 지역 주도의 과학기술 혁신 생태계 조성을 위한 「2026년도 4극3특 대경권 과학기술혁신지원사업」의 연구단을 다음과 같이 모집하오니, 권역 내 역량 있는 기관들의 많은 참여 바랍니다. 2026년 9월 14일 과학기술정보통신부 장관 대구경북과학기술원 총장 대경권 지역자율 R&D 사업단장 1. 공통 사항 ■ 추진 체계 ○ 「전문기관」이라 함은 과학기술정보통신부 장관이 사업에 대한 기획․평가․관리 등의 업무를 대행하게 하기 위하여 지정한 기관임 ○ 「주관연구개발기관」이라 함은 사업을 주관하여 수행하는 기관(기업 포함)임 - 「총괄주관연구개발기관」이라 함은 연구개발과제가 총괄연구개발과제 및 세부연구 개발과제로 구분되는 경우에 총괄연구개발과제 관리를 수행하는 주관연구개발기관임 - 「세부주관연구개발기관」이라 함은 연구개발과제가 총괄연구개발과제 및 세부연구 개발 과제로 구분되는 경우에 세부연구개발과제를 주도적으로 수행하는 주관연구개발기관임 ○ 「공동연구개발기관」이라 함은 해당 사업에 참여하여 주관연구개발기관과 공동으로 사업을 수행하는 기관(기업 포함)임 ○ 「참여기업」이라 함은 주관연구개발기관 또는 공동연구개발기관의 형태로 사업에 참여하는 기업을 말하며, 사업별 특성에 따라 사업의 결과를 실시하거나 활용하기 위해 연구개발비의 일부를 부담하고 사업에 참여할 수 있음 ○ 「연구책임자」라 함은 연구개발과제를 총괄하는 연구자임 - 「총괄연구책임자」라 함은 연구개발과제가 총괄연구개발과제 및 세부연구개발과제로 구분되는 경우에 총괄주관연구개발기관에 소속되어 연구개발과제 전체를 관리하는 연구책임자임 - 「세부연구책임자」라 함은 연구개발과제가 총괄연구개발과제 및 세부연구개발과제로 구성되는 경우에 세부주관연구개발기관에 소속되어 세부연구개발과제를 총괄하여 수행하는 연구책임자임 ■ 신청 자격 ○ 사업별 특성에 따라 신청자격이 다르므로 별첨의 연구단별 사업 지원 안내문 및 개별 사업 공고 참고 ■ 신청 방법 ○ 별첨의 연구단별 사업 지원 안내문 및 개별 사업 공고에 따라 신청 ※ 접수마감 종료일에는 제출 소요시간이 발생될 수 있으므로 사전에 여유 있게 접수 요망 ■ 사업 공고 ○ 과학기술정보통신부 홈페이지(www.msit.go.kr), 범부처통합 연구지원시스템(www.iris.go.kr) ※ 사업별 공고 등 추진일정은 사업별 특성, 상황 등에 따라 변동될 수 있음 ■ 지원 규모 ○ 사업별 지원규모는 사정에 따라 변경될 수 있으며 별첨의 연구단별 사업 지원 안내문 및 개별 사업 공고 참조 요망 ■ 정부지원연구개발비 지원 기준 ○ 정부지원연구개발비 전액(100%) 지원 ■ 연구개발성과로 인한 수익의 납부(기술료) ○ 해당사항 없음 ■ 신청자격 검토 및 사전 지원제외 ○ 사업별로 세부 내용이 상이할 수 있으므로 연구단별 사업 지원 안내문 및 개별 사업 공고 참조 ■ 관련 법령 및 규정 근거 법령 o 국가연구개발혁신법, 동법 시행령 및 관련 행정규칙 * * 국가연구개발사업 연구개발비 사용기준, 국가연구개발사업 연구노트 지침, 국가연구 개발 사업 동시수행 연구개발과제 수 제한기준, 국가연구개발정보처리기준 등 o 과학기술기본법, 기초연구진흥 및 기술개발지원에 관한 법률 및 하위법령, 시행규칙 o 국가연구개발 시설·장비의 관리 등에 관한 표준지침 관련 규정 o 과학기술정보통신부 소관 과학기술분야 연구개발사업 처리규정 o 사업단별 운영관리규정·지침 등 ※ 본 공고문에서 정하지 않은 사항은 각 사업별 공고문과 상기 법령, 요령 및 운영관리지침을 따름 ■ 보안등급 분류 : 국가연구개발혁신법 시행령 제45조에 따라 보안등급 기재 2. 2026년 과학기술혁신지원사업 지원 공고 안내자료 ■ 2026년 4극3특 과학기술혁신지원 사업 연구단별 지원 안내자료를 과학기술정보 통신부 및 범부처통합연구지원시스템(IRIS) 홈페이지에서 다운 받으실 수 있습니다. ○ 안내자료 다운로드 사이트 - 과학기술정보통신부(www.msit.go.kr), 범부처통합연구지원시스템(www.iris.go.kr) ○ 안내자료 주요 내용 - 연구단별 지원계획 상세 안내 자료 등 ○ 세부 사업별 사업계획 및 관련 서식 등 첨부자료 다운로드 사이트 - 과학기술정보통신부(www.msit.go.kr), 범부처통합연구지원시스템(www.iris.go.kr) ■ 문의처 ○ 문의처 : 과제 신청방법, 평가절차 등 사업관련(접수 방법 포함) 문의는 신청하고자하는 사업의 연구단별 담당자에게 문의 ※ 각 연구단별 공고 세부사업의 담당자 연락처는 별첨의 사업 지원 안내문 및 개별 사업 공고 참조 3. 기타사항 ○ 세부사업 분야별 지원예산은 소관부처(과학기술정보통신부)의 정책 등에 따라 변경 가능 ○ 소관부처 정책에 따라, 사업지원을 위한 협약체결 전에 관련 법령 및 규정이 제․개정될 경우는 신규 법령 및 규정이 사업에 적용될 수 있음 ○ 세부사업별로 지원사업내용은 개별사업공고 (별첨) 에서 정하는 방법 및 기준을 우선적용하며, 사업별 문의가 있을 경우 반드시 해당사업 담당에게 확인 바람 ○ 본 사업의 협약은 범부처통합연구지원시스템(IRIS)의 전문기관 권한 체계로 인하여 '연구개발특구진흥재단 이사장' 명의로 체결되나,「4극3특 지역자율 R&D 사업 공통 운영규정」 제8조 및 제17조에 의거하여 본 사업의 모집공고, 선정평가, 협약체결 및 과제 관리에 관한 전문기관으로서의 실질적인 권한과 의무, 그에 따른 일체의 법적·행정적 책임은 '4극3특 지역자율 R&D 사업단'에 전적으로 귀속됨 ※ 별첨 : 2026년 대경권 지역자율 R&D 사업 연구단 모집 공고 및 RFP 등 ※ 시스템반도체 5번 RFP의 경우 추후 별도 추가 공고",2026-09-15T12:01:05,2026-09-20T23:57:52
IRIS:024177,IRIS,2026년 4극3특 동남권 과학기술혁신지원사업 연구단 모집 공고,과학기술정보통신부,연구개발특구진흥재단,,IN_2026_053,2026-09-11,자유공모,접수중,2026-09-11,2026-10-11,0,동남권 과학기술혁신지원 2026 정주희(0522173782),https://www.iris.go.kr/contents/retrieveBsnsAncmBtinSituListView.do,"「2026년 4극3특 과학기술혁신지원사업」 동남권 지역자율 R&D 사업 연구단 모집 공고 수도권 일극체제 극복 및 지역 주도의 과학기술 혁신 생태계 조성을 위한 「2026년도 4극3특 과학기술혁신지원사업」의 연구단을 다음과 같이 모집하오니, 동남권역 내 역량 있는 기관들의 많은 참여 바랍니다. 2026년 9월 11일 과학기술정보통신부 장관 울산과학기술원 총장 동남권 지역자율 R&D 사업단장 1. 공통 사항 ■ 추진 체계 ○ 「전문기관」이라 함은 과학기술정보통신부 장관이 사업에 대한 기획․평가․관리 등의 업무를 대행하게 하기 위하여 지정한 기관임 ○ 「주관연구개발기관」이라 함은 사업을 주관하여 수행하는 기관(기업 포함)임 - 「총괄주관연구개발기관」이라 함은 연구개발과제가 총괄연구개발과제 및 세부연구 개발과제로 구분되는 경우에 총괄연구개발과제 관리를 수행하는 주관연구개발기관임 - 「세부주관연구개발기관」이라 함은 연구개발과제가 총괄연구개발과제 및 세부연구 개발 과제로 구분되는 경우에 세부연구개발과제를 주도적으로 수행하는 주관연구개발기관임 ○ 「공동연구개발기관」이라 함은 해당 사업에 참여하여 주관연구개발기관과 공동으로 사업을 수행하는 기관(기업 포함)임 ○ 「참여기업」이라 함은 주관연구개발기관 또는 공동연구개발기관 등의 형태로 사업에 참여하는 기업을 말하며, 사업별 특성에 따라 사업의 결과를 실시하거나 활용하기 위해 연구개발비의 일부를 부담하고 사업에 참여할 수 있음 ○ 「연구책임자」라 함은 연구개발과제를 총괄하는 연구자임 - 「총괄연구책임자」라 함은 연구개발과제가 총괄연구개발과제 및 세부연구개발과제로 구분되는 경우에 총괄주관연구개발기관에 소속되어 연구개발과제 전체를 관리하는 연구책임자임 - 「세부연구책임자」라 함은 연구개발과제가 총괄연구개발과제 및 세부연구개발과제로 구성되는 경우에 세부주관연구개발기관에 소속되어 세부연구개발과제를 총괄하여 수행하는 연구책임자임 ■ 신청 자격 ○ 사업별 특성에 따라 신청자격이 다르므로 별첨의 연구단 개별 사업공고 참고 ■ 신청 방법 ○ 별첨의 연구단 개별 사업 공고에 따라 신청 ※ 접수마감 종료일에는 접속 폭주로 인한 접수지연 및 장애가 발생할 수 있으므로 사전 접수 요망 ■ 사업 공고 ○ 과학기술정보통신부 홈페이지(www.msit.go.kr), 범부처통합 연구지원시스템(www.iris.go.kr) ※ 사업별 공고 등 추진일정은 사업별 특성, 상황 등에 따라 변동될 수 있음 ■ 지원 규모 ○ 사업별 지원규모는 사정에 따라 변경될 수 있으며 별첨의 연구단 개별 사업 공고 참조 ■ 정부지원연구개발비 지원 기준 ○ 정부지원연구개발비 전액(100%) 지원 ■ 연구개발성과로 인한 수익의 납부(기술료) ○ 해당사항 없음 ■ 신청자격 검토 및 사전 지원제외 ○ 사업별 신청자격 및 지원제외 사항은 세부 사업별로 내용이 상이할 수 있으므로 별첨의 연구단 개별 사업 공고 참조 ■ 관련 법령 및 규정 근거 법령 o 국가연구개발혁신법, 동법 시행령 및 관련 행정규칙 * * 국가연구개발사업 연구개발비 사용기준, 국가연구개발사업 연구노트 지침, 국가연구 개발 사업 동시수행 연구개발과제 수 제한기준, 국가연구개발정보처리기준 등 o 과학기술기본법, 기초연구진흥 및 기술개발지원에 관한 법률 및 하위법령, 시행규칙 o 국가연구개발 시설·장비의 관리 등에 관한 표준지침 관련 규정 o 과학기술정보통신부 소관 과학기술분야 연구개발사업 처리규정 o 사업단별 운영관리규정·지침 등 ※ 본 공고문에서 정하지 않은 사항은 각 사업별 공고문과 상기 법령, 요령 및 운영관리지침을 따름 ■ 보안등급 분류 : 국가연구개발혁신법 시행령 제45조에 따라 보안등급 기재 2. 2026년 과학기술혁신지원사업 지원 공고 안내자료 ■ 2026년 동남권 과학기술혁신지원사업 연구단별 지원 안내자료를 과학기술정보 통신부 및 범부처통합연구지원시스템(IRIS) 홈페이지에서 다운 받으실 수 있습니다. ○ 안내자료 다운로드 사이트 - 과학기술정보통신부(www.msit.go.kr), 범부처통합연구지원시스템(www.iris.go.kr) ○ 안내자료 주요 내용 - 연구단별 지원계획 상세 안내 자료 등 ○ 세부 사업별 사업계획 및 관련 서식 등 첨부자료 다운로드 사이트 - 과학기술정보통신부(www.msit.go.kr), 범부처통합연구지원시스템(www.iris.go.kr) ■ 문의처 ○ 문의처 : 과제 신청방법, 평가절차 등 사업관련(접수 방법 포함) 문의는 신청하고자하는 사업의 연구단별 담당자에게 문의 ※ 각 연구단별 공고 세부사업의 담당자 연락처는 별첨의 개별 사업 공고 참조 3. 기타사항 ○ 세부사업 분야별 지원예산은 소관부처(과학기술정보통신부)의 정책 등에 따라 변경 가능 ○ 소관부처 정책에 따라, 사업지원을 위한 협약체결 전에 관련 법령 및 규정이 제․개정될 경우는 신규 법령 및 규정이 사업에 적용될 수 있음 ○ 세부사업별로 지원사업내용은 개별사업공고 (별첨) 에서 정하는 방법 및 기준을 우선적용하며, 사업별 문의가 있을 경우 반드시 해당사업 담당에게 확인 바람 ○ 본 사업의 협약은 범부처통합연구지원시스템(IRIS)의 전문기관 권한 체계로 인하여 '연구개발특구진흥재단 이사장' 명의로 체결되나,「4극3특 지역자율 R&D 사업 공통 운영규정」 제8조 및 제17조에 의거하여 본 사업의 모집공고, 선정평가, 협약체결 및 과제 관리에 관한 전문기관으로서의 실질적인 권한과 의무, 그에 따른 일체의 법적·행정적 책임은 '4극3특 지역자율 R&D 사업단'에 전적으로 귀속됨 별첨 : 2026년 동남권 지역자율 R&D 사업 연구단 모집 공고 및 RFP 등",2026-09-15T12:01:06,2026-09-20T23:57:52
IRIS:024160,IRIS,2026년 4극3특 호남권 과학기술혁신지원사업 연구단 모집 공고,과학기술정보통신부,연구개발특구진흥재단,,IN_2026_052,2026-09-11,자유공모,접수중,2026-09-11,2026-10-12,0,호남권 과학기술혁신지원 2026 김경화(0627154482),https://www.iris.go.kr/contents/retrieveBsnsAncmBtinSituListView.do,"2026년 4극3특 호남권 과학기술혁신지원사업 연구단 모집 공고 수도권 일극체제 극복 및 지역 주도의 과학기술 혁신 생태계 조성을 위한 「2026년도 4극3특 과학기술혁신지원사업」의 연구단을 다음과 같이 모집하오니, 권역 내 역량 있는 기관들의 많은 참여 바랍니다. 2026년 9월 11일 과학기술정보통신부 장관 광주과학기술원장 총장 호남권 지역자율 R&D 사업단장 1. 공통 사항 ■ 추진 체계 ○ 「전문기관」이라 함은 과학기술정보통신부 장관이 사업에 대한 기획․평가․관리 등의 업무를 대행하게 하기 위하여 지정한 기관임 ○ 「주관연구개발기관」이라 함은 사업을 주관하여 수행하는 기관(기업 포함)임 - 「총괄주관연구개발기관」이라 함은 연구개발과제가 총괄연구개발과제 및 세부연구 개발과제로 구분되는 경우에 총괄연구개발과제 관리를 수행하는 주관연구개발기관임 - 「세부주관연구개발기관」이라 함은 연구개발과제가 총괄연구개발과제 및 세부연구 개발 과제로 구분되는 경우에 세부연구개발과제를 주도적으로 수행하는 주관연구개발기관임 ○ 「공동연구개발기관」이라 함은 해당 사업에 참여하여 주관연구개발기관과 공동으로 사업을 수행하는 기관(기업 포함)임 ○ 「참여기업」이라 함은 주관연구개발기관 또는 공동연구개발기관의 형태로 사업에 참여하는 기업을 말하며, 사업별 특성에 따라 사업의 결과를 실시하거나 활용하기 위해 연구개발비의 일부를 부담하고 사업에 참여할 수 있음 ○ 「연구책임자」라 함은 연구개발과제를 총괄하는 연구자임 - 「총괄연구책임자」라 함은 연구개발과제가 총괄연구개발과제 및 세부연구개발과제로 구분되는 경우에 총괄주관연구개발기관에 소속되어 연구개발과제 전체를 관리하는 연구책임자임 - 「세부연구책임자」라 함은 연구개발과제가 총괄연구개발과제 및 세부연구개발과제로 구성되는 경우에 세부주관연구개발기관에 소속되어 세부연구개발과제를 총괄하여 수행하는 연구책임자임 ■ 신청 자격 ○ 사업별 특성에 따라 신청자격이 다르므로 별첨의 연구단별 사업 지원 안내문 및 개별 사업 공고 참고 ■ 신청 방법 ○ 별첨의 연구단별 사업 지원 안내문 및 개별 사업 공고에 따라 신청 ※ 접수마감 종료일에는 제출 소요시간이 발생될 수 있으므로 사전에 여유 있게 접수 요망 ■ 사업 공고 ○ 과학기술정보통신부 홈페이지(www.msit.go.kr), 범부처통합 연구지원시스템(www.iris.go.kr) ※ 사업별 공고 등 추진일정은 사업별 특성, 상황 등에 따라 변동될 수 있음 ■ 지원 규모 ○ 사업별 지원규모는 사정에 따라 변경될 수 있으며 별첨의 연구단별 사업 지원 안내문 및 개별 사업 공고 참조 요망 ■ 정부지원연구개발비 지원 기준 ○ 정부지원연구개발비 전액(100%) 지원 ■ 연구개발성과로 인한 수익의 납부(기술료) ○ 해당사항 없음 ■ 신청자격 검토 및 사전 지원제외 ○ 사업별로 세부 내용이 상이할 수 있으므로 별첨의 연구단별 사업 지원 안내문 및 개별 사업 공고 참조 ■ 관련 법령 및 규정 근거 법령 o 국가연구개발혁신법, 동법 시행령 및 관련 행정규칙 * * 국가연구개발사업 연구개발비 사용기준, 국가연구개발사업 연구노트 지침, 국가연구 개발 사업 동시수행 연구개발과제 수 제한기준, 국가연구개발정보처리기준 등 o 과학기술기본법, 기초연구진흥 및 기술개발지원에 관한 법률 및 하위법령, 시행규칙 o 국가연구개발 시설·장비의 관리 등에 관한 표준지침 관련 규정 o 과학기술정보통신부 소관 과학기술분야 연구개발사업 처리규정 o 사업단별 운영관리규정·지침 등 ※ 본 공고문에서 정하지 않은 사항은 각 사업별 공고문과 상기 법령, 요령 및 운영관리지침을 따름 ■ 보안등급 분류 : 국가연구개발혁신법 시행령 제45조에 따라 보안등급 기재 2. 2026년 과학기술혁신지원사업 지원 공고 안내자료 ■ 2026년 4극3특 과학기술혁신지원 사업 연구단별 지원 안내자료를 과학기술정보 통신부 및 범부처통합연구지원시스템(IRIS) 홈페이지에서 다운 받으실 수 있습니다. ○ 안내자료 다운로드 사이트 - 과학기술정보통신부(www.msit.go.kr), 범부처통합연구지원시스템(www.iris.go.kr) ○ 안내자료 주요 내용 - 연구단별 지원계획 상세 안내 자료 등 ○ 세부 사업별 사업계획 및 관련 서식 등 첨부자료 다운로드 사이트 - 과학기술정보통신부(www.msit.go.kr), 범부처통합연구지원시스템(www.iris.go.kr) ■ 문의처 ○ 문의처 : 과제 신청방법, 평가절차 등 사업관련(접수 방법 포함) 문의는 신청하고자하는 사업의 연구단별 담당자에게 문의 ※ 각 연구단별 공고 세부사업의 담당자 연락처는 별첨의 사업 지원 안내문 및 개별 사업 공고 참조 3. 기타사항 ○ 세부사업 분야별 지원예산은 소관부처(과학기술정보통신부)의 정책 등에 따라 변경 가능 ○ 소관부처 정책에 따라, 사업지원을 위한 협약체결 전에 관련 법령 및 규정이 제․개정될 경우는 신규 법령 및 규정이 사업에 적용될 수 있음 ○ 세부사업별로 지원사업내용은 개별사업공고 (별첨) 에서 정하는 방법 및 기준을 우선적용하며, 사업별 문의가 있을 경우 반드시 해당사업 담당에게 확인 바람 ○ 본 사업의 협약은 범부처통합연구지원시스템(IRIS)의 전문기관 권한 체계로 인하여 '연구개발특구진흥재단 이사장' 명의로 체결되나,「4극3특 지역자율 R&D 사업 공통 운영규정」 제8조 및 제17조에 의거하여 본 사업의 모집공고, 선정평가, 협약체결 및 과제 관리에 관한 전문기관으로서의 실질적인 권한과 의무, 그에 따른 일체의 법적·행정적 책임은 '4극3특 지역자율 R&D 사업단'에 전적으로 귀속됨 별첨 : 2026년 4극3특 호남권 과학기술혁신지원 연구단 개별사업 공고",2026-09-15T12:01:08,2026-09-20T23:57:52
IRIS:024159,IRIS,2026년 4극3특 전북특별자치도 과학기술혁신지원사업 연구단 모집,과학기술정보통신부,연구개발특구진흥재단,,과학기술정보통신부 공고 제2026-0948호,2026-09-11,자유공모,접수중,2026-09-11,2026-10-12,0,전북특자도 과학기술혁신지원 2026 최선봉(029585114),https://www.iris.go.kr/contents/retrieveBsnsAncmBtinSituListView.do,"과학기술정보통신부 공고 제 2026 – 0948 호 2026 년 4 극 3 특 과학기술혁신지원사업 전북특별자치도 지역자율 R&D 사업 연구단 모집 공고 수도권 일극체제 극복 및 지역 주도의 과학기술 혁신 생태계 조성을 위한 「 2026 년도 4 극 3 특 과학기술혁신지원사업 」 전북특별자치도 지역자율 R&D 사업의 연구단을 다음과 같이 모집하오니 , 권역 내 역량 있는 기관들의 많은 참여 바랍니다 . 2026 년 9 월 11 일 한국과학기술연구원 전북특별자치도 지역자율 R&D 사업단장 1. 공통 사항 ■ 추진 체계 ○ 「 전문기관 」 이라 함은 과학기술정보통신부 장관이 사업에 대한 기획 ․ 평가 ․ 관리 등의 업무를 대행하게 하기 위하여 지정한 기관임 ○「 주관연구개발기관 」 이라 함은 사업을 주관하여 수행하는 기관 ( 기업 포함 ) 임 ○「 총괄주관연구개발기관 」 이라 함은 연구개발과제가 총괄연구개발과제 및 세부연구 개발과제로 구분되는 경우에 총괄연구개발과제 관리를 수행하는 주관연구개발기관임 ○ 「 세부주관연구개발기관 」 이라 함은 연구개발과제가 총괄연구개발과제 및 세부연구 개발과제로 구분되는 경우에 세부연구개발과제를 주도적으로 수행하는 주관연구개발기관임 ○ 「 공동연구개발기관 」 이라 함은 해당 사업에 참여하여 주관연구개발기관과 공동으로 사업을 수행하는 기관 ( 기업 포함 ) 임 ○「 참여기업 」 이라 함은 주관연구개발기관 또는 공동연구개발기관의 형태로 사업에 참여하는 기업을 말하며 , 사업별 특성에 따라 사업의 결과를 실시하거나 활용하기 위해 연구개발비의 일부를 부담하고 사업에 참여할 수 있음 ○「 연구책임자 」 라 함은 연구개발과제를 총괄하는 연구자임 ○ 「 총괄연구책임자 」 라 함은 연구개발과제가 총괄연구개발과제 및 세부연구개발과제로 구분되는 경우에 총괄주관연구개발기관에 소속되어 연구개발과제 전체를 관리하는 연구책임자임 ○ 「 세부연구책임자 」 라 함은 연구개발과제가 총괄연구개발과제 및 세부연구개발과제로 구성되는 경우에 세부주관연구개발기관에 소속되어 세부연구개발과제를 총괄하여 수행하는 연구책임자임 ■ 신청 자격 ○ 사업별 특성에 따라 신청자격이 다르므로 별첨의 연구단별 사업 지원 안내문 및 개별 사업 공고 참고 ■ 신청 방법 ○ 별첨의 연구단별 사업 지원 안내문 및 개별 사업 공고에 따라 신청 ※ 접수마감 종료일에는 제출 소요시간이 발생될 수 있으므로 사전에 여유 있게 접수 요망 ■ 사업 공고 ○ 과학기술정보통신부 홈페이지 (www.msit.go.kr), 범부처통합 연구지원시스템 (www.iris.go.kr) ※ 사업별 공고 등 추진일정은 사업별 특성 , 상황 등에 따라 변동될 수 있음 ■ 지원 규모 ○ 사업별 지원규모는 사정에 따라 변경될 수 있으며 별첨의 연구단별 사업 지원 안내문 및 개별 사업 공고 참조 요망 ■ 정부지원연구개발비 지원 기준 ○ 2026 년도 시범사업의 경우에 한하여 과학기술정보통신부 통합공고에 따라 정부지원 연구개발비로 전액 (100%) 지원하며 , 기관부담연구개발비는 적용하지 않음 ○ 간접비는 「 국가연구개발사업 연구개발비 사용기준 」 및 과학기술정보통신부 통합공고에서 정한 간접비 고시비율과 적용기준에 따라 계상함 ■ 연구개발성과로 인한 수익의 납부 ( 기술료 ) ○ 국가연구개발혁신법 시행령 제 39 조 및 과학기술정보통신부 소관 과학기술분야 연구개발사업 처리규정 제 22 조에 따르며 , 기술료율 , 기술료 징수 여부 및 방식에 대해서는 별첨의 연구단별 사업 지원 안내문 및 개별 사업 공고 참조 ■ 신청자격 검토 및 사전 지원제외 ○ 사업별로 세부 내용이 상이할 수 있으므로 별첨의 연구단별 사업 지원 안내문 및 개별 사업 공고 참조 ■ 관련 법령 및 규정 근거 법령 o 국가연구개발혁신법 , 동법 시행령 및 관련 행정규칙 * * 국가연구개발사업 연구개발비 사용기준 , 국가연구개발사업 연구노트 지침 , 국가연구 개발 사업 동시수행 연구개발과제 수 제한기준 , 국가연구개발정보처리기준 등 o 과학기술기본법 , 기초연구진흥 및 기술개발지원에 관한 법률 및 하위법령 , 시행규칙 관련 규정 o 과학기술정보통신부 소관 과학기술분야 연구개발사업 처리규정 o 사업단별 운영관리규정 · 지침 등 ※ 본 공고문에서 정하지 않은 사항은 각 사업별 공고문과 상기 법령 , 요령 및 운영관리지침을 따름 ■ 보안등급 분류 : 국가연구개발혁신법 시행령 제 45 조에 따라 보안등급 기재 2. 2026 년 전북특별자치도 지역자율 R&D 사업 지원 공고 안내자료 ■ 2026 년 4 극 3 특 과학기술혁신지원 사업 연구단별 지원 안내자료를 과학기술정보 통신부 및 범부처통합연구지원시스템 (IRIS) 홈페이지에서 다운 받으실 수 있습니다 . ○ 안내자료 다운로드 사이트 - 과학기술정보통신부 (www.msit.go.kr), 범부처통합연구지원시스템 (www.iris.go.kr) ○ 안내자료 주요 내용 - 연구단별 지원계획 상세 안내 자료 등 ○ 세부 사업별 사업계획 및 관련 서식 등 첨부자료 다운로드 사이트 - 과학기술정보통신부 (www.msit.go.kr), 범부처통합연구지원시스템 (www.iris.go.kr) ■ 문의처 ○ 문의처 : 과제 신청방법 , 평가절차 등 사업관련 ( 접수 방법 포함 ) 문의는 신청하고자하는 사업의 연구단별 담당자에게 문의 ※ 각 연구단별 공고 세부사업의 담당자 연락처는 별첨의 사업단별 사업 지원 안내문 및 개별 사업 공고 참조 3. 기타사항 ○ 세부사업 분야별 지원예산은 소관부처 ( 과학기술정보통신부 ) 의 정책 등에 따라 변경 가능 ○ 소관부처 정책에 따라 , 사업지원을 위한 협약체결 전에 관련 법령 및 규정이 제 ․ 개정될 경우는 신규 법령 및 규정이 사업에 적용될 수 있음 ○ 세부사업별로 지원사업내용은 개별사업공고 ( 별첨 ) 에서 정하는 방법 및 기준을 우선적용하며 , 사업별 문의가 있을 경우 반드시 해당사업 담당에게 확인 바람 별첨 : 2026 년 전북특별자치도 지역자율 R&D 연구단 개별사업 공고",2026-09-15T12:01:09,2026-09-20T23:57:52
IRIS:024158,IRIS,2026년 4극3특 제주특별자치도 과학기술혁신지원사업 연구단 모집 공고,과학기술정보통신부,연구개발특구진흥재단,,과학기술정보통신부 공고 제2026-0948호,2026-09-11,자유공모,접수중,2026-09-11,2026-10-11,0,제주특자도 과학기술혁신지원 2026 김유미(0647541554),https://www.iris.go.kr/contents/retrieveBsnsAncmBtinSituListView.do,"2026 년 4 극 3 특 제주특별자치도 과학기술혁신지원사업 연구단 모집 공고 수도권 일극체제 극복 및 지역 주도의 과학기술 혁신 생태계 조성을 위한 「 2026 년도 4 극 3 특 과학기술혁신지원사업 」 의 연구단을 다음과 같이 모집하오니 , 권역 내 역량 있는 기관들의 많은 참여 바랍니다 . 2026 년 9 월 11 일 과학기술정보통신부 장관 한국생산기술연구원장 제주특별자치도 지역 자율 R&D 사업단장 1. 공통 사항 ■ 추진 체계 ○ 「 전문기관 」 이라 함은 과학기술정보통신부 장관이 사업에 대한 기획 ․ 평가 ․ 관리 등의 업무를 대행하게 하기 위하여 지정한 기관임 ○ 「 주관연구개발기관 」 이라 함은 사업을 주관하여 수행하는 기관 ( 기업 포함 ) 임 - 「 총괄주관연구개발기관 」 이라 함은 연구개발과제가 총괄연구개발과제 및 세부연구 개발과제로 구분되는 경우에 총괄연구개발과제 관리를 수행하는 주관연구개발기관임 - 「 세부주관연구개발기관 」 이라 함은 연구개발과제가 총괄연구개발과제 및 세부연구 개발 과제로 구분되는 경우에 세부연구개발과제를 주도적으로 수행하는 주관연구개발기관임 ○ 「 공동연구개발기관 」 이라 함은 해당 사업에 참여하여 주관연구개발기관과 공동으로 사업을 수행하는 기관 ( 기업 포함 ) 임 ○ 「 참여기업 」 이라 함은 주관연구개발기관 또는 공동연구개발기관의 형태로 사업에 참여하는 기업을 말하며 , 사업별 특성에 따라 사업의 결과를 실시하거나 활용하기 위해 연구개발비의 일부를 부담하고 사업에 참여할 수 있음 ○ 「 연구책임자 」 라 함은 연구개발과제를 총괄하는 연구자임 - 「 총괄연구책임자 」 라 함은 연구개발과제가 총괄연구개발과제 및 세부연구개발과제로 구분되는 경우에 총괄주관연구개발기관에 소속되어 연구개발과제 전체를 관리하는 연구책임자임 - 「 세부연구책임자 」 라 함은 연구개발과제가 총괄연구개발과제 및 세부연구개발과제로 구성되는 경우에 세부주관연구개발기관에 소속되어 세부연구개발과제를 총괄하여 수행하는 연구책임자임 【 연구개발과제 협약구조 】 ※ 과제내 모든 참여기관 ( 주관연구개발기관 , 공동연구개발기관 , 위탁연구개발기관 ) 은 전문기관과 전자협약 체결 ■ 신청 자격 ○ 사업별 특성에 따라 신청자격이 다르므로 별첨의 연구단별 사업 지원 안내문 및 개별 사업 공고 참고 ■ 신청 방법 ○ 별첨의 연구단별 사업 지원 안내문 및 개별 사업 공고에 따라 신청 ※ 접수마감 종료일에는 제출 소요시간이 발생될 수 있으므로 사전에 여유 있게 접수 요망 ■ 사업 공고 ○ 과학기술정보통신부 홈페이지 (www.msit.go.kr), 범부처통합 연구지원시스템 (www.iris.go.kr) ※ 사업별 공고 등 추진일정은 사업별 특성 , 상황 등에 따라 변동될 수 있음 ■ 지원 규모 ○ 사업별 지원규모는 사정에 따라 변경될 수 있으며 별첨의 연구단별 사업 지원 안내문 및 개별 사업 공고 참조 요망 ■ 정부지원연구개발비 지원 기준 : ’26 년 시범사업 전액 (100%) 지원 ■ 연구개발성과로 인한 수익의 납부 ( 기술료 ) : 해당없음 ■ 신청자격 검토 및 사전 지원제외 ○ 사업별로 세부 내용이 상이할 수 있으므로 별첨의 연구단별 사업 지원 안내문 및 개별 사업 공고 참조 ■ 관련 법령 및 규정 근거 법령 o 국가연구개발혁신법 , 동법 시행령 및 관련 행정규칙 * * 국가연구개발사업 연구개발비 사용기준 , 국가연구개발사업 연구노트 지침 , 국가연구 개발 사업 동시수행 연구개발과제 수 제한기준 , 국가연구개발정보처리기준 등 o 과학기술기본법 , 기초연구진흥 및 기술개발지원에 관한 법률 및 하위법령 , 시행규칙 관련 규정 o 과학기술정보통신부 소관 과학기술분야 연구개발사업 처리규정 o 사업단별 운영관리규정 · 지침 등 ※ 본 공고문에서 정하지 않은 사항은 각 사업별 공고문과 상기 법령 , 요령 및 운영관리지침을 따름 ■ 보안등급 분류 : 국가연구개발혁신법 시행령 제 45 조에 따라 보안등급 기재 2. 2026 년 과학기술혁신지원사업 지원 공고 안내자료 ■ 2026 년 4 극 3 특 과학기술혁신지원 사업 연구단별 지원 안내자료를 과학기술정보 통신부 및 범부처통합연구지원시스템 (IRIS) 홈페이지에서 다운 받으실 수 있습니다 . ○ 안내자료 다운로드 사이트 - 과학기술정보통신부 (www.msit.go.kr), 범부처통합연구지원시스템 (www.iris.go.kr) ○ 안내자료 주요 내용 - 연구단별 지원계획 상세 안내 자료 등 ○ 세부 사업별 사업계획 및 관련 서식 등 첨부자료 다운로드 사이트 - 과학기술정보통신부 (www.msit.go.kr), 범부처통합연구지원시스템 (www.iris.go.kr) ■ 문의처 ○ 문의처 : 과제 신청방법 , 평가절차 등 사업관련 ( 접수 방법 포함 ) 문의는 신청하고자 하는 사업의 연구단별 담당자에게 문의 ※ 각 연구단별 공고 세부사업의 담당자 연락처는 별첨의 사업 지원 안내문 및 개별 사업 공고 참조 3. 기타사항 ○ 세부사업 분야별 지원예산은 소관부처 ( 과학기술정보통신부 ) 의 정책 등에 따라 변경 가능 ○ 소관부처 정책에 따라 , 사업지원을 위한 협약체결 전에 관련 법령 및 규정이 제 ․ 개정될 경우는 신규 법령 및 규정이 사업에 적용될 수 있음 ○ 세부사업별로 지원사업내용은 개별사업공고 ( 별첨 ) 에서 정하는 방법 및 기준을 우선적용하며 , 사업별 문의가 있을 경우 반드시 해당사업 담당에게 확인 바람 □ 참고 : 제주특별자치도 기술분야 , 사업유형 , 주요내용 총괄표 기술 분야 사업유형 주요 내용 ’26 년 연구비 ( 백만원 ) 선정예정 과제 개수 지원대상 분산에너지 산학연 허브 구축 ㅇ 분산에너지 유연성 자원 확보를 위한 P2H- 하이브리드 열저장 시스템의 기술적 타당성 검증 및 핵심기술 PoC(Proof of Concept) 연구 ㅇ 제주 분산에너지 특구 기반 차세대 전력망 안정성 강화 기술개발 및 통합실증 ㅇ 제주 분산에너지 특구 모빌리티 유연성 자원 활용성 제고를 위한 DC V2x 요소기술 개념검증 (PoC) ㅇ 제주 재생에너지 출력제어 해소를 위한 배전선로 전수 동시 최적화 기반 분산자원 설계 - 운영 통합기술 개발 ㅇ 제주형 에너지 · 수소 Open-innovation lab 구축 3,860 5 개 ( 주관 ) 권역 내 연구기관 , 대학 등 ( 공동 ) 출연 ( 연 ), 기업 , 과기원 , 대학 및 기술사업화 전문기관 등 컨소시엄 가능 딥테크 지역확산 ㅇ V2X 실증모델 기술성 검증 확보 및 기술성 검증 ㅇ ESS 연계 소형 수소모빌리티 실증 · 확산 260 2 개 ( 주관 ) 권역 내 기업 , 연구기관 ( 공동 ) 출연 ( 연 ), 기업 , 과기원 , 대학 및 기술사업화 전문기관 등 컨소시엄 가능 미래신산업 맞춤 인력양성 ㅇ 제주대학교 -KAIST 분산에너지 분야 협업형 공동대학원 운영 및 전문인력 양성 715 1 개 ( 주관 ) 과기원 , 권역 내 대학 ( 공동 ) 출연 ( 연 ), 기업 , 과기원 , 대학 및 기술사업화 전문기관 등 컨소시엄 가능 농 · 축 · 수산 기반 바이오 산학연 허브 구축 ㅇ 해조류 기반 에너지 · 자원화 핵심 원천기술 및 실증 (PoC) ㅇ 제주 주요 농산물 유래 생물공정 기반 고부가가치 바이오소재 개발 및 자원화 연계 기술 개발 ㅇ 제주 청정자원 기반 푸드테크산업 Open-innovation lab 구축 2,315 3 개 ( 주관 ) 권역 내 연구기관 , 대학 등 ( 공동 ) 출연 ( 연 ), 기업 , 과기원 , 대학 및 기술사업화 전문기관 등 컨소시엄 가능 딥테크 지역확산 ㅇ 용암해수 기반 바이오소재를 활용한 고령친화제품 개발 및 산업화 ㅇ 수입의존 기능성 바이오원료의 자립화를 위한 발효생산 고도화 및 상용제품 개발 ㅇ 소량 데이터 기반 제주 천연물 특화 화장품 레시피 설계 AI 실증 (PoC) 및 수요기업 비정형 연구기록 디지털 자산화 파이프라인 구축 354 3 개 ( 주관 ) 권역 내 기업 , 연구기관 ( 공동 ) 출연 ( 연 ), 기업 , 과기원 , 대학 및 기술사업화 전문기관 등 컨소시엄 가능 미래신산업 맞춤 인력양성 ㅇ 제주대학교 -KAIST 해양바이오 분야 협업형 공동대학원 운영 및 전문인력 양성 715 1 개 ( 주관 ) 과기원 , 권역 내 대학 ( 공동 ) 출연 ( 연 ), 기업 , 과기원 , 대학 및 기술사업화 전문기관 등 컨소시엄 가능 분산에너지 , 농 · 축 · 수산 기반 바이오 공통 K-UBRC 구축 ㅇ 제주지역 대학 연계 은퇴자 공동체 (K-UBRC) 구축을 통한 은퇴 고급과학기술인력 유치 · 활용 및 지역혁신 연계 405 1 개 ( 주관 ) 과기원 , 권역 내 출연 ( 연 ), 대학 및 기술사업화 전문기관 ( 공동 ) 출연 ( 연 ), 기업 , 과기원 , 대학 및 기술사업화 전문기 관 등 컨소시엄 가능 ※ 세부 과제별 연구개발 내용 , 지원요건 및 신청방법 등은 과학기술정보통신부 홈페이지 및 범부처통합연구지원시스템 (IRIS, www.iris.go.kr) 에 게시되는 「 4 극 3 특 과학기술혁신지원사업 제주특별자치도 지역자율 R&D 」 개별 공고 및 과제별 제안요청서 (RFP) 참조 별첨 : 제주 _4 극 3 특 과학기술혁신지원 연구단 개별 사업공고 ( 안 ) 및 RFP",2026-09-15T12:01:10,2026-09-20T23:57:52
IRIS:024139,IRIS,2026년 4극3특 중부권 과학기술혁신지원사업 연구단 모집 공고,과학기술정보통신부,연구개발특구진흥재단,,과학기술정보통신부 공고 제2026-0948호,2026-09-11,자유공모,접수중,2026-09-11,2026-10-12,0,중부권 과학기술혁신지원 2026 박종일(0423501509),https://www.iris.go.kr/contents/retrieveBsnsAncmBtinSituListView.do,"2026년 4극3특 중부권 과학기술혁신지원사업 연구단 모집 공고 수도권 일극체제 극복 및 지역 주도의 과학기술 혁신 생태계 조성을 위한 「2026년도 4극3특 중부권 과학기술혁신지원사업」의 연구단을 다음과 같이 모집하오니, 권역 내 역량 있는 기관들의 많은 참여 바랍니다. 2026년 9월 11일 과학기술정보통신부 장관 한국과학기술원 총장 1. 공통 사항 ■ 추진 체계 ○ 「전문기관」이라 함은 과학기술정보통신부 장관이 사업에 대한 기획․평가․관리 등의 업무를 대행하게 하기 위하여 지정한 기관임 ○ 「주관연구개발기관」이라 함은 사업을 주관하여 수행하는 기관(기업 포함)임 - 「총괄주관연구개발기관」이라 함은 연구개발과제가 총괄연구개발과제 및 세부연구 개발과제로 구분되는 경우에 총괄연구개발과제 관리를 수행하는 주관연구개발기관임 - 「세부주관연구개발기관」이라 함은 연구개발과제가 총괄연구개발과제 및 세부연구 개발 과제로 구분되는 경우에 세부연구개발과제를 주도적으로 수행하는 주관연구개발기관임 ○ 「공동연구개발기관」이라 함은 해당 사업에 참여하여 주관연구개발기관과 공동으로 사업을 수행하는 기관(기업 포함)임 ○ 「참여기업」이라 함은 주관연구개발기관 또는 공동연구개발기관의 형태로 사업에 참여하는 기업을 말하며, 사업별 특성에 따라 사업의 결과를 실시하거나 활용하기 위해 연구개발비의 일부를 부담하고 사업에 참여할 수 있음 ○ 「연구책임자」라 함은 연구개발과제를 총괄하는 연구자임 - 「총괄연구책임자」라 함은 연구개발과제가 총괄연구개발과제 및 세부연구개발과제로 구분되는 경우에 총괄주관연구개발기관에 소속되어 연구개발과제 전체를 관리하는 연구책임자임 - 「세부연구책임자」라 함은 연구개발과제가 총괄연구개발과제 및 세부연구개발과제로 구성되는 경우에 세부주관연구개발기관에 소속되어 세부연구개발과제를 총괄하여 수행하는 연구책임자임 ■ 신청 자격 ○ 사업별 특성에 따라 신청자격이 다르므로 별첨의 연구단별 사업 지원 안내문 및 개별 사업 공고 참고 ■ 신청 방법 ○ 별첨의 연구단별 사업 지원 안내문 및 개별 사업 공고에 따라 신청 ※ 접수마감 종료일에는 제출 소요시간이 발생될 수 있으므로 사전에 여유 있게 접수 요망 ■ 사업 공고 ○ 과학기술정보통신부 홈페이지(www.msit.go.kr), 범부처통합 연구지원시스템(www.iris.go.kr) ※ 사업별 공고 등 추진일정은 사업별 특성, 상황 등에 따라 변동될 수 있음 ■ 지원 규모 ○ 사업별 지원규모는 사정에 따라 변경될 수 있으며 별첨의 연구단별 사업 지원 안내문 및 개별 사업 공고 참조 요망 ■ 정부지원연구개발비 지원 기준 ○ 정부지원연구개발비 전액(100%) 지원 ■ 연구개발성과로 인한 수익의 납부(기술료) ○ 해당사항 없음 ■ 신청자격 검토 및 사전 지원제외 ○ 사업별로 세부 내용이 상이할 수 있으므로 연구단별 사업 지원 안내문 및 개별 사업 공고 참조 ■ 관련 법령 및 규정 근거 법령 o 국가연구개발혁신법, 동법 시행령 및 관련 행정규칙 * * 국가연구개발사업 연구개발비 사용기준, 국가연구개발사업 연구노트 지침, 국가연구 개발 사업 동시수행 연구개발과제 수 제한기준, 국가연구개발정보처리기준 등 o 과학기술기본법, 기초연구진흥 및 기술개발지원에 관한 법률 및 하위법령, 시행규칙 o 국가연구개발 시설·장비의 관리 등에 관한 표준지침 관련 규정 o 과학기술정보통신부 소관 과학기술분야 연구개발사업 처리규정 o 사업단별 운영관리규정·지침 등 ※ 본 공고문에서 정하지 않은 사항은 각 사업별 공고문과 상기 법령, 요령 및 운영관리지침을 따름 ■ 보안등급 분류 : 국가연구개발혁신법 시행령 제45조에 따라 보안등급 기재 2. 2026년 과학기술혁신지원사업 지원 공고 안내자료 ■ 2026년 4극3특 과학기술혁신지원 사업 연구단별 지원 안내자료를 과학기술정보 통신부 및 범부처통합연구지원시스템(IRIS) 홈페이지에서 다운 받으실 수 있습니다. ○ 안내자료 다운로드 사이트 - 과학기술정보통신부(www.msit.go.kr), 범부처통합연구지원시스템(www.iris.go.kr) ○ 안내자료 주요 내용 - 연구단별 지원계획 상세 안내 자료 등 ○ 세부 사업별 사업계획 및 관련 서식 등 첨부자료 다운로드 사이트 - 과학기술정보통신부(www.msit.go.kr), 범부처통합연구지원시스템(www.iris.go.kr) ■ 문의처 ○ 문의처 : 과제 신청방법, 평가절차 등 사업관련(접수 방법 포함) 문의는 신청하고자하는 사업의 연구단별 담당자에게 문의 ※ 각 연구단별 공고 세부사업의 담당자 연락처는 별첨의 사업 지원 안내문 및 개별 사업 공고 참조 3. 기타사항 ○ 세부사업 분야별 지원예산은 소관부처(과학기술정보통신부)의 정책 등에 따라 변경 가능 ○ 소관부처 정책에 따라, 사업지원을 위한 협약체결 전에 관련 법령 및 규정이 제․개정될 경우는 신규 법령 및 규정이 사업에 적용될 수 있음 ○ 세부사업별로 지원사업내용은 개별사업공고 (별첨) 에서 정하는 방법 및 기준을 우선적용하며, 사업별 문의가 있을 경우 반드시 해당사업 담당에게 확인 바람 ○ 본 사업의 협약은 범부처통합연구지원시스템(IRIS)의 전문기관 권한 체계로 인하여 '연구개발특구진흥재단 이사장' 명의로 체결되나,「4극3특 지역자율 R&D 사업 공통 운영규정」 제8조 및 제17조에 의거하여 본 사업의 모집공고, 선정평가, 협약체결 및 과제 관리에 관한 전문기관으로서의 실질적인 권한과 의무, 그에 따른 일체의 법적·행정적 책임은 '4극3특 지역자율 R&D 사업단'에 전적으로 귀속됨 1 ②미래유망 원천기술 개발 (4극) ④딥테크 지역확산 1. 사업개요 □ 사업명 : 중부권 지역자율 R&D 반도체 □ 사업목적 및 내용 구분 사업목적 사업내용 ②미래유망 원천기술 개발(4극) 4대 권역(중부·호남·대경·동남권) 과기원을 중심으로 지역 거점대 및 출연연과의 협력을 통해 지역 미래 산업의 판도를 바꿀 초격차 원천기술 확보 권역 내 과기원이 주도하고 산학연이 참여 하는 고난도·광역 협업형 자율 R&D 과제 수행 ④딥테크 지역확산 전국 공공연구기관의 우수한 딥테크 성과를 권역 내 기업으로 이전·확산하여 신산업 육성 및 경제적 가치 창출 권역 내 기업이 주관하여 대학·출연연의 유망 기술을 도입하고, 이를 상용화하기 위한 산학연 공동 R&BD 수행 ㅇ (반도체 분야 사업 목적) : AI 초격차 시대에 대응하는 차세대 반도체 3대 핵심 기술 분야(소재·공정·소자, 회로·시스템, 패키징·테스트)의 원천기술 확보와, 중부권 반도체 소재·부품·장비 및 팹리스 기업의 딥테크 성장 지원을 통한 반도체 산업 생태계 경쟁력 강화 □ 공고 범위 및 사업 구조 ㅇ '26년도는 시범사업(100% 국비)이며, '27년 이후 본사업은 시범사업의 점검 결과와 정부 예산 확보 상황을 바탕으로 추진 여부·규모·목표 범위 등을 논의 및 확정 예정 구분 시범사업 본사업 기간 26.10.01. ~ 27.03.31. 27.01.01.~ 30.12.31. 재원 100% 국비 국비 + 지방비 + 기관부담연구개발비 지방비 매칭 없음 매칭 있음 기관부담 연구개발비 부과하지 않음 「국가연구개발혁신법 시행령」 별표1에 따라 부담 (영리기관 참여 시) 단계 구분 시범사업 26.10.01. ~ 27.03.31. 1단계 : 27.01.01. ~ 28.12.31. 2단계 : 29.01.01. ~ 30.12.31. (1단계 종료 후 단계평가를 통해 2단계 지원 대상을 선별하며, 평가 결과에 따라 연구기간·예산·지원 범위가 조정될 수 있음) 추진방식 본 공고를 통해 선정·협약 시범사업 점검 결과 및 예산 확보 상황을 바탕으로 전환 여부 결정, 전환 시 재협약 예정 * 시범사업 추진에 대한 점검을 실시하며, 그 결과에 따라 본사업 전환 여부와 과제목표·내용·구성·연구비·연구기간 등이 조정되거나 연구비 증감, 지원중단, 조기종료 등의 조치가 이루어질 수 있음 ** 위 표의 내용은 정부 예산 확보 상황 및 관련 법령·지침 등에 따라 변경될 수 있음 2. 지원내용 □ 20 26년 예산규모 : 총 4,200백만원 사업유형 연번 연구주제명 ‘26년 연구기간 ‘26년 연구비 (백만원) 선정 예정 과제 수 미래유망 원천기술 개발 1 차세대 반도체 소재·공정 및 소자 원천기술 개발 ‘26.10. ~ ’27.03. 780 1 2 차세대 AI 시스템용 고효율 전력 및 초광대역 통신 ‘26.10. ~ ’27.03. 760 1 3 이종집적 IC 및 칩렛 시스템을 위한 패키징과 테스트 ‘26.10. ~ ’27.03. 760 1 딥테크 지역확산 4 모놀리식 3D 적층형 저온 공정·장비 및 AI 기반 지능형 공정·검사 플랫폼 개발 ‘26.10. ~ ’27.03. 600 3 5 초저전력 온디바이스 AI 반도체 및 응용시스템 ‘26.10. ~ ’27.03. 600 3 6 고적층·특수 반도체용 지능형 패키징 소재·공정 및 장비 기술 ‘26.10. ~ ’27.03. 700 4 * 연구비는 과제당 정부지원연구개발비(간접비 포함)이며, 연번 4~6은 선정 예정 과제수 합계 기준임 ** 지원규모 및 금액은 평가위원회 및 심의위원회(기술사업화추진위원회), 과학기술정보통신부의 검토 결과 등에 따라 조정될 수 있음 *** 정부지원연구개발비는 ‘26년만 확정이며, 총 정부지원 연구개발비는 사업예산 상황에 따라 변경 가능 **** 과제 접수 및 평가 진행 상황에 따라 연구개시월과 시범사업 연구기간·연구비는 조정될 수 있음 ㅇ 지원규모 : 과제별 상이 □ 지원기간 : 2026.10.01. ~ 2027.03.31. ※ 지원기간은 연구개시 시점 등에 따라 변경될 수 있음 □ 지원대상 ㅇ (연구개발기관) 「국가연구개발혁신법」제2조제3호 및 동법 시행령 제2조에서 정하는 기관 및 단체 Ex) 과기원, 출연(연), 대학, 기업, 전문(연), 대학 및 기술사업화 전문기관 * 등 * 「벤처투자 촉진에 관한 법률」에 따른 창업기획자(액셀러레이터) 및 벤처투자회사, 「기술의 이전 및 사업화 촉진에 관한 법률」에 따른 사업화전문회사, 기타 「상법」 제169조에 따른 회사로서 기술사업화 및 기업 성장 지원 역량을 보유한 기관(법인) 등 ** 외국 법인 기관과의 공동 연구 구성 시, 주관연구개발기관은 국내 연구개발기관으로 한정함 ㅇ (연구책임자) 위 기관·단체에 소속된 연구자로서 「국가연구개발혁신법」제6조·제7조에 따른 요건을 갖춘 자 □ 연구개발기관 필수 구성요건 (RFP 별 상이) ㅇ 6개 RFP 모두 주관연구개발기관은 중부권(대전·세종·충남·충북)에 소재한 기관이어야 하며, 신청하는 RFP 유형 및 과제에 따라 요건이 상이함 ※ 자세한 사항은 각 RFP 특기사항을 반드시 참고할 것 ※ 구성요건 미충족 시 사전검토에서 탈락함 □ 소재지 검증 기준 및 입증 서류 ㅇ 기업은 본사 또는 기업부설연구소, 대학은 캠퍼스, 연구기관은 본원 및 분원의 소재를 기준으로 함 ㅇ 하나의 기관은 1개 시·도로만 산정하며, 중부권 내 복수 시·도에 본사·연구소·캠퍼스 등을 두는 경우 본 과제를 주로 수행하는 곳을 기준으로 함 ㅇ 소재지 입증서류(법인등기부등본, 기업부설연구소 인정서, 캠퍼스 소속 증빙 등)을 제출하여야 함 □ 지원내용 ② 미래유망 원천기술 개발(4극) ㅇ 4대 권역 과기원을 중심으로 지역 산업의 판도를 바꿀 초격차 기술 확보 - (원천기술 개발) 중부권 과기원과 지역 거점대, 출연연 간 협력을 통해 미래 신산업 분야의 핵심 원천기술 개발 R&D 지원 - (광역 협업 R&D) 권역 내 산학연 연구단이 주도하는 고난도·대규모 광역 협업형 자율 R&D 과제 수행 지원 - (전략적 자산화) 우수특허(SMART 3.8 이상) 창출, 중점기술 로드맵 수립 및 기술 이전 전략 마련을 통한 기술 주권 확보 지원 - (반도체 분야 목표) 차세대 반도체 소재·공정 및 소자, 차세대 AI 시스템용 회로·시스템, 이종집적 패키징·테스트 등 3대 기술 분야의 미래 신산업 원천기술 확보 ④ 딥테크 지역확산 ㅇ 공공연구기관의 우수 딥테크 성과를 지역 기업으로 이전 및 사업화 지원 - (기술 이전 및 확산) 전국 대학·출연연이 보유한 유망 기술을 권역 내 기업으로 이전하고, 이를 지역 특화 신산업으로 육성하기 위한 기술 도입 지원 - (산학연 공동 R&BD) 이전받은 기술의 제품화·양산화를 위한 후속 R&BD 프로젝트와 시제품 제작, 성능 검증 등 기술 고도화 지원 ",2026-09-15T12:01:12,2026-09-20T23:57:52
IRIS:024138,IRIS,2026년 4극3특 강원특별자치도 과학기술혁신지원사업 연구단 모집공고,과학기술정보통신부,연구개발특구진흥재단,,과학기술정보통신부 공고 제2026 ？ 0948호,2026-09-11,자유공모,접수중,2026-09-11,2026-10-11,0,강원특자도 과학기술혁신지원 2026 신채호(0336503411),https://www.iris.go.kr/contents/retrieveBsnsAncmBtinSituListView.do,"2026 년도 4 극 3 특 과학기술혁신지원사업 강원특별자치도 지역 자율 R&D 신규과제 통합공고 강원특별자치도의 과학기술 혁신역량을 강화하고 지역산업의 성장을 촉진하기 위하여 「 2026 년도 4 극 3 특 과학기술혁신지원사업 」 강원특별자치도 지역자율 R&D 신규과제를 다음과 같이 통합공고하오니 , 역량 있는 기관과 연구개발 컨소시엄의 많은 참여를 바랍니다 . 2026 년 9 월 11 일 한국과학기술연구원 강원특별자치도 지역 자율 R&D 사업단장 1. 사업 개요 ■ 사업 목적 ○ 강원특별자치도의 과학기술 혁신역량을 강화하고 , 지역의 연구개발 성과가 기업성장과 산업발전으로 이어지는 지역 주도형 과학기술 혁신생태계를 조성 ○ 강원의 중점기술분야인 기능성바이오소재와 세라믹재료 분야의 유망기술을 발굴하여 기술개발 , 실증 , 제품화 및 시장진입을 지원하고 , 기술사업화 성과를 강원지역의 생산 · 투자 · 고용 · 창업 및 공급망 형성으로 환류 ○ 지역기업 , 대학 , 연구기관 및 병원 등이 보유한 기술 · 특허 · 연구성과와 수요기업의 시장수요를 연계하여 기술이전 , 공동개발 , 자체제품화 , 창업 , 투자유치 및 국내외 시장진출로 이어지는 전주기 R&BD 체계를 구축 ○ 산 · 학 · 연 공동활용 거점을 중심으로 연구시설 · 장비 · 데이터 · 전문인력 및 기업지원 기능을 연계하여 지역기업의 기술적 병목을 해소하고 지속 가능한 혁신기반을 확충 ○ 은퇴 과학기술인의 전문성과 경험을 지역으로 환류하고 , 4 대 과학기술원과 연계한 기업수요에 기반한 미래신산업 전문인력을 양성 · 채용 · 정착시켜 지역의 기술사업화 및 산업혁신 역량을 강화 ○ 오픈이노베이션랩을 통해 지역 유망기술과 국내외 수요기업 , 투자기관 , 기술사업화 전문기관 및 글로벌 파트너를 연결하여 기술이전 , 투자유치 , 인허가 및 국내외 시장 진출을 촉진 ■ 지원 기본방향 ○ 기능성바이오소재와 세라믹재료를 중점기술분야로 설정하고 , 기술발굴 · 연구개발 · 사업화 기획 · 제품화 · 기업지원 · 인력양성 · 전문가 환류 및 글로벌 진출을 연계하여 지원 ○ 기술성숙도 , 사업화 준비도 및 지원목적에 따라 사업유형을 구분하여 지원 - 선행기술과 사업화 수요가 확보된 과제는 ‘ 즉시착수형 R&BD’ 로 지원 - 목표제품 , 필요기술 및 사업화 경로의 구체화가 필요한 과제는 ‘ 기획고도화형 ’ 으로 지원 - 기업 공동활용 연구개발 · 시험 · 실증기반은 ‘ 산 · 학 · 연 허브구축형 ’ 으로 지원 - 미래 성장동력이 될 유망 원천기술의 발굴 · 기획은 ‘ 딥테크 기술발굴형 ’ 으로 지원 - 은퇴 과학기술인의 전문역량 환류는 ‘K-UBRC’ 로 지원 - 4 대 과학기술원과 연계한 지역산업 맞춤형 전문인력 양성 · 채용 · 정착은 ‘ 미래신산업 인력양성 ’ 으로 지원 - 기술이전 · 투자유치 및 국내외 시장진출은 ‘ 유망기술 글로벌 진출 ( 오픈이노베이션랩 구축 )’ 으로 지원 ○ 과제 선정 시 정부 R&D 수행경험 자체보다 기술 · 인력 · 기업지원 역량의 객관성 , 실행 의지 , 성과창출 가능성 및 강원지역 환류 가능성을 중점적으로 평가 ■ 중점 기술분야 구 분 주요 지원범위 기능성바이오소재 · 천연물 · 생물자원 기반 기능성 원료 · 소재 , 바이오헬스 · 정밀웰니스 , K- 뷰티 · 재생 · 동물바이오 , 자원순환 · 업사이클링 , 스마트생산 · 융합진단 · 바이오제조 공정혁신 등 세라믹재료 · 수소 · 청정에너지 , 반도체 · 통신 · 레이더 , 센서 · 의료기기 및 정밀공정용 첨단세라믹 소재 · 부품 · 공정 · 장비의 개발 , 시험 · 실증 , 제품화 및 수요산업 연계 ※ 세부 지원 품목 , 기술 범위 , 필수 요건 및 성과목표는 사업유형별 · 중점기술분야별 RFP 에서 정함 ■ 사업유형 구분 핵심 목적 딥테크 지역확산형 · 유망기술의 신속한 제품화 · 사업화를 위한 기획 및 R&BD 지원 산 · 학 · 연 허브구축형 · 연구시설 · 장비 · 데이터 · 시험분석 · 전문인력을 연계한 공동활용체계 및 기업수요 기반 기술지원 프로그램 구축 · 운영 딥테크 기술발굴형 ※ ‘27 년도부터 시작되는 사업유형으로 ‘26 년도는 산 · 학 · 연 허브구축형 유형 내 사전기획과제로 지원 · 산 · 학 · 연 공동기획을 통한 미래 지역산업 유망기술 발굴 및 R&D 지원 K-UBRC · 은퇴 과학기술인의 지식과 경험을 지역기업의 기술애로 해결 , 사업화 및 창업 지원에 환류 미래신산업 인력양성 · 산 · 학 · 연 공동교육 , 현장연구 , 프로젝트형 교육 , 인턴십 , 기업채용 연계 및 지역 정착 지원 유망기술 글로벌 시장진출 ( 오픈이노베이션랩 구축 ) · 오픈이노베이션랩을 통한 수요기업 · 투자기관 · 전문기관 · 글로벌 파트너 연계 , 사업화 검증 , 인허가 및 시장진입 지원 2. 2026 년도 지원내용 ■ 사업유형별 지원기간 및 지원규모 구분 2026 년도 수행형태 지원기간 2026 년도 지원한도 딥테크 지역확산형 즉시착수형 R&BD 협약일로부터 6 개월 이내 과제당 최대 5 억 원 이내 딥테크 지역확산형 기획고도화형 협약일로부터 6 개월 이내 과제당 최대 0.5 억 원 이내 산 · 학 · 연 허브구축형 즉시착수형 협약일로부터 6 개월 이내 해당 RFP 상 제시된 범위 이내 산 · 학 · 연 허브구축형 ※ 과제구분 : 딥테크 기술 발굴형 사전기획 기획고도화형 협약일로부터 6 개월 이내 과제당 최대 0.5 억 원 이내 K-UBRC 기획 · 시범운영 협약일로부터 6 개월 이내 해당 RFP 상 제시된 범위 이내 미래신산업 인력양성 사전기획 협약일로부터 6 개월 이내 해당 RFP 상 제시된 범위 이내 유망기술 글로벌 시장진출 ( 오픈이노베이션랩 구축 ) 시범운영 협약일로부터 6 개월 이내 해당 RFP 상 제시된 범위 이내 ※ 세라믹재료 분야 산 · 학 · 연 허브구축형 기획고도화 과제의 지원한도와 선정예정 과제 수는 RFP-18 을 따름 ※ 2026 년도 협약은 당해 연도 예산에 따른 단년도 협약으로 체결함 . 2027 년도 이후 후속지원 여부 · 기간 · 규모는 정부예산 확정 및 별도 공고 · 선정평가 결과에 따라 결정되며 , 2026 년도 선정이 후속지원을 보장하지 않음 ※ 딥테크 지역확산형 즉시착수형 R&BD 가 후속 본사업에 계속 선정되는 경우 총 연구개발기간은 최대 24 개월 , 누적 정부지원연구개발비는 최대 20 억 원 이내로 할 수 있음 ■ 2026 년도 예산규모 ○ 총 지원예산 : 86.26 억 원 ○ 공고 대상 : 총 21 개 RFP - 기능성바이오소재 분야 : 10 개 - 세라믹재료 분야 : 8 개 - 지역혁신 분야 : 3 개 ○ 공고 대상은 총 21 개 RFP 이며 , 하나의 RFP 에서 복수과제를 선정하거나 선정하지 않을 수 있음 . 최종 선정과제 수와 과제별 지원금액은 신청현황 , RFP 별 지원한도 , 평가결과 및 사업단 예산범위에서 확정함 ※ 지정공모 또는 선정예정 과제 수를 별도로 정한 경우에는 해당 RFP 의 기준을 적용함 3. 신청자격 및 연구단 구성 ■ 공통 신청자격 ○ 다음 기관 중 「 국가연구개발혁신법 」 및 관련 규정에 따라 국가연구개발사업을 수행할 수 있는 기관 - 대학 - 정부출연연구기관 및 전문생산기술연구소 - 기업 - 병원 및 의료기관 - 시험 · 검증 · 인증기관 - 인허가 · 기술사업화 전문기관 - 투자기관 및 창업지원기관 - 그 밖에 해당 RFP 에서 인정하는 기관 · 단체 ( 지역혁신기관 등 ) ○ 대학이 주관연구개발기관 또는 공동연구개발기관으로 참여하는 경우에는 해당 대학의 국가연구개발사업 협약 및 연구개발비 관리 권한을 가진 산학협력단 등 적법한 연구개발기관 명의로 신청하여야 함 ○ 사업유형과 RFP 에서 주관연구개발기관의 유형 , 소재지 , 기술성숙도 , 수요기업 참여 또는 사업화 확약 등을 별도로 정한 경우 해당 요건을 충족하여야 함 ○ 투자기관 , 창업지원기관 , 인허가 · 사업화 전문기관 등은 혁신법상 연구개발기관 요건과 해당 RFP 의 자격을 충족하는 경우 주관 또는 공동연구개발기관으로 참여할 수 있으며 , 그렇지 않은 경우 협력기관으로 참여할 수 있음 ■ 유형별 핵심요건 ○ 딥테크 지역확산형 / 즉시착수형 - 주관연구개발기관은 원칙적으로 강원특별자치도 내 본사 · 공장 · 지점 등 실질적인 사업수행 거점을 보유한 기업으로 함 - 지역외 기업은 강원특별자치도 및 사업단과 사전협의한 지역투자 · 산업단지 입주 · 사업거점 조성계획이 있는 경우 신청할 수 있음 - 원칙적으로 TRL 5 이상 또는 이에 준하는 선행기술과 객관적인 시험 · 검증자료를 확보하여야 함 - 사업화 주체 , 수요기업 또는 이에 준하는 사업화 경로를 확보하여야 함 ※ 지역외 기업이 지역투자 · 입주 또는 사업거점 조성계획을 전제로 신청하는 경우에는 해당 RFP 에서 정한 이행확약서와 투자 · 입주 예정지 , 추진일정 , 상시인력 및 사업수행 계획 등 객관적인 증빙자료를 제출하여야 함 ※ 협약에 반영된 지역투자 · 입주 또는 사업거점 조성 의무를 정당한 사유 없이 이행하지 않은 경우에는 관련 법령 , 사업단 운영규정 및 협약에 따라 시정요구 , 연구개발비 조정 , 협약변경 · 해약 또는 환수 등의 조치를 할 수 있음 ○ 딥테크 지역확산형 / 기획고도화형 - 주관연구개발기관의 기관유형과 소재지역은 제한하지 않으나 , 강원기업의 참여 · 수요확인 또는 강원지역에서의 사업화 · 산업 성장에 대한 구체적인 기여 계획을 제시하여야 함 - 후속 R&BD 신청 시에는 해당 공고에서 정하는 기업 주관 및 지역 사업거점 요건을 별도로 충족하여야 함 ○ 산 · 학 · 연 허브구축형 - 해당 RFP 에서 정한 연구 · 시험 · 기업지원 · 공동활용 또는 기술기획 역량을 보유한 기관이 주관함 - 참여기업의 수요 , 공동활용체계 및 강원지역 혁신거점과의 연계계획 제시 필수 ○ 산 · 학 · 연 허브구축형 *( 과제구분 ) 딥테크 기술발굴형 사전 기획 - 주관연구개발기관은 해당 RFP 에서 정한 강원특별자치도 내 대학 · 출연연구기관 · 공공연구기관 또는 혁신기관으로 함 - 강원 중점기술분야의 미래유망기술 발굴 , 기술성 · 시장성 검토 , 예비 PoC 및 후속 본 R&D 기획역량을 보유하여야 함 - 도내 기업 또는 수요기업의 참여 · 수요확인 요건은 해당 RFP 를 따름 ※ 본 과제는 사업기획보고서에 따라 ‘26 년도에는 ‘ 산 · 학 · 연 허브구축형 ’ 의 기획고도화 과제로 추진하며 , ‘27 년도부터 시행되는 ‘ 딥테크 기술발굴형 ’ 본사업의 지역수요 발굴 및 지정공모 RFP 기획을 목적으로 함 ※ 딥테크 지역확산형 / 기획고도화형으로 추진될 수 있는 과제 성격과는 명확히 구별되는 지역 차원의 전략기획 과제 성격을 갖추어야 함 ( 단순 기초 · 원천 연구개발 성격 만으로는 본 사업유형의 지원대상 범위에 포함될 수 없음 ) ○ K-UBRC - 은퇴 과학자 ( 고경력 과학기술인 ) 활용과 기업 기술지원 역량을 보유한 해당 RFP 에서 정한 기관이 주관함 - 은퇴 과학자 , 지역기업 및 연구 · 사업화 지원기관 간 역할과 운영체계를 제시하여야 함 ○ 미래신산업 인력양성 - 교육 · 연구 · 산학협력 역량을 보유한 대학 , 연구기관 또는 해당 RFP 에서 정한 기관이 주관함 - 참여기업의 직무 · 인력수요 , 교육과정 , 현장연구 , 채용연계 및 지역정착 계획을 제시하여야 함 ○ 유망기술 글로벌 시장진출 ( 오픈이노베이션랩 구축 ) - 기술사업화 , 투자유치 , 인허가 또는 국내외 시장진출 지원역량을 보유한 기관이 주관함 - 수요기업 , 투자기관 , 병원 ·CRO, 인허가 · 사업화 전문기관 및 국내외 파트너 등을 과제목적에 따라 연계하여야 함 ※ 공동연구개발기관은 소재 지역을 제한하지 않으나 , 해당 기관의 참여 필요성과 강원지역 기업 · 산업에 대한 기여 계획을 제시하여야 함 ※ RFP 에서 소재 지역 또는 지역거점 요건을 별도로 정한 경우에는 그 기준을 적용함 ■ 지역혁신 분야의 R&D 수행요건 ○ K-UBRC, 미래신산업 인력양성 및 유망기술 글로벌 시장진출 ( 오픈이노베이션랩 구축 ) 은 단순 교육 · 취업지원 · 전문가 알선 · 기업지원 · 행사 · 홍보 · 투자유치 또는 일반 컨설팅 사업이 아니라 , 강원 중점기술분야 연구개발과제의 기술적 문제해결 , 연구개발성과 창출",2026-09-15T12:01:14,2026-09-20T23:57:52
IRIS:024137,IRIS,2026년도 우주기술혁신인재양성(R&D)사업[우주항공 글로벌 인력양성 및 활용] 2차 추가공고,우주항공청,우주항공청,,우주항공청 공고 제2026-0104호,2026-09-09,지정공모,접수중,2026-09-09,2026-10-09,0,우주기술혁신인재양성 2026 신동윤(0558565018),https://www.iris.go.kr/contents/retrieveBsnsAncmBtinSituListView.do,우주항공청 공고 제2026-0104호 2026년도 우주기술혁신인재양성(R&D)사업 [우주항공 글로벌 인력양성 및 활용] 2차 추가 공고 우주항공청이 추진하는 「우주기술혁신인재양성R&D 사업」의 2026년도 신규 과제를(우주항공 글로벌 인력양성 및 활용) 아래와 같이 추가공모하오니 관심 있는 연구자들의 많은 참여 바랍니다. 2026년 9월 9일 우주항공청장 오 태 석,2026-09-15T12:01:15,2026-09-20T23:57:56
IRIS:023897,IRIS,2026년도 제3차 디지털혁신기술국제공동연구 신규지원 대상과제 공고,과학기술정보통신부,정보통신기획평가원,,과학기술정보통신부 공고 제2026-0939호,2026-09-09,품목지정공모,접수중,2026-09-14,2026-10-08,0,디지털핵심기술국제공동연구 2026 양광만(0426128234)/윤종혁(0426128232)/이태우(0426128233),https://www.iris.go.kr/contents/retrieveBsnsAncmBtinSituListView.do,"과학기술정보통신부 공고 제 2026-0939 호 2026 년도 3 차 디지털혁신기술국제공동연구사업 신규지원 대상과제 공고 2026 년도 디지털혁신기술국제공동연구사업의 신규지원 대상과제 ( 일반형 1 건 ) 를 다음과 같이 공고 하오니 동 사업에 참여를 희망하는 기관 ( 기업 ) 등은 관련 규정 및 절차에 따라 신청하여 주시기 바랍니다 . 2026 년 9 월 9 일 부총리 겸 과학기술정보통신부 장관 정보통신기획평가원 원장 □ 사업목적 ○ 글로벌 기술패권 경쟁 대응 및 초격차 기술확보를 위한 디지털 핵심기술분야 국제공동연구 추진 □ 지원대상 과제 ○ ( 일반형 ) 협력국가 자율제안 국제공동연구 1 개 과제 * 일반형 : 국내 연구개발기관이 해외기관을 활용하여 연구를 수행하는 방식으로 기존에 일반적으로 추진되는 공동연구 형태 □ 공고기간 : 2026. 9. 9( 수 ) ～ 2026. 10. 8( 목 ), 30 일간 ○ 전산접수기간 : 2026. 9. 14( 월 ) ～ 2026. 10. 8( 목 ) 15 시 까지 (IRIS 시스템 시간 기준 ) □ 접수방법 : 범부처통합연구지원시스템 (iris.go.kr) 을 통한 신청 접수 ○ 신청 부문별 사업공고 확인 ( 세부사업 , 내역사업 , RFP 명 등 ) 후 신청 접수 · 완료 * IRIS 를 통한 접수 방법은 매뉴얼 참조 ※ 관련 법령 개정 등 주요한 변경 사항 발생 시 수정 공고문을 게시할 수 있습니다 .",2026-09-15T12:01:19,2026-09-20T23:57:56
IRIS:024117,IRIS,2026년도 가속기핵심기술개발사업 신규과제 재공모,과학기술정보통신부,한국연구재단,,과학기술정보통신부 공고 제2026-0934호,2026-09-08,품목지정공모,접수중,2026-09-09,2026-09-18,0,가속기핵심기술개발사업 2026 이상옥(0428697831),https://www.iris.go.kr/contents/retrieveBsnsAncmBtinSituListView.do,과학기술정보통신부 공고 제 2026 – 0934 호 2026 년도 가속기핵심기술개발사업 신규과제 재공모 과학기술정보통신부가 추진하는 가속기핵심기술개발사업의 신규과제를 아래와 같이 공모하오니 관심 있는 연구자들의 많은 참여 바랍니다 . 2026 년 9 월 8 일 < 주무부처 > 부총리 겸 과학기술정보통신부 장관 배 경 훈 < 전문기관 > 한국연구재단 이사장 홍 원 화 ※ 자료 제출 관련 문의 : hyangjin@nrf.re.kr,2026-09-15T12:01:20,2026-09-18T08:41:12
IRIS:023977,IRIS,2026년도 산업기술R&D연구기획사업 신규지원대상 연구개발과제 공고,기후에너지환경부,한국에너지기술평가원,,기후에너지환경부 공고 제2026-840호,2026-09-07,자유공모,접수중,2026-09-07,2026-10-07,0,산업기술R&D연구기획사업 2026 장성욱(0234698318),https://www.iris.go.kr/contents/retrieveBsnsAncmBtinSituListView.do,공고,2026-09-15T12:01:21,2026-09-20T23:57:56
IRIS:023978,IRIS,2026년 3차 재생에너지R&D(태양광) 신규지원대상 연구개발과제 공고,기후에너지환경부,한국에너지기술평가원,,기후에너지환경부 공고 제2026-844호,2026-09-01,품목지정공모,접수중,2026-09-08,2026-10-01,0,태양광 2026 강민지(0234698323)/문신원(0234698326)/서재영(0234698328)/이재현(0234698329),https://www.iris.go.kr/contents/retrieveBsnsAncmBtinSituListView.do,기후에너지환경부 공고 제2026-844호,2026-09-15T12:01:22,2026-09-20T23:57:56
IRIS:023640,IRIS,양자정보과학 인적기반조성사업 리더급연구역량강화(연구혁신형)2026년도 한-캐나다 양자과학기술 공동연구사업 신규과제 공모,과학기술정보통신부,한국연구재단,,과학기술정보통신부 공고 제2026-0899호,2026-08-31,자유공모,접수중,2026-08-31,2026-10-07,0,양자정보과학 인적기반 조성(3책5공) 2026 임혜린(0428697837),https://www.iris.go.kr/contents/retrieveBsnsAncmBtinSituListView.do,과학기술정보통신부 공고 제 2026 - 0899 호 양자정보과학 인적기반조성사업 리더급연구역량강화 ( 연구혁신형 ) 2026 년도 한 - 캐나다 양자과학기술 공동연구사업 신규과제 공 모 과학기술정보통신부에서는 한국과 캐나다 양국 간 국제협력을 통한 양자과학기 술 경쟁력 강화를 위해 「 한 - 캐나다 양자과학기술 공동연구사업 」 의 2026 년도 신규과제를 다음과 같이 공모하오니 연구자분들의 많은 관심과 참여 바랍니다 . 2026 년 8 월 31 일 < 주무부처 > 부총리 겸 과학기술정보통신부 장관 배 경 훈 < 전문기관 > 한국연구재단 이사장 홍 원 화 ※ 본 공고의 영문 버전과 NSERC 측 공고문 별도 확인 필요,2026-09-15T12:01:23,2026-09-20T23:57:56
IRIS:023817,IRIS,2026년도 하반기 방송통신정책연구 신규지원 대상과제 공고,과학기술정보통신부,정보통신기획평가원,,과학기술정보통신부 공고 제2026-0909호,2026-08-25,지정공모,접수중,2026-09-09,2026-09-23,0,방송통신정책연구 2026 변유진(0426128718),https://www.iris.go.kr/contents/retrieveBsnsAncmBtinSituListView.do,"과학기술정보통신부 공고 제 2026-0909 호 2026 년도 하반기 방송통신정책연구 신규지원 대상과제 공고 2 026 년도 하반기 방송통신정책연구 (R&D) 신규과제를 다음과 같이 공고 하오니 동 사업에 참여를 희망하는 기관 ( 기업 ) 등은 관련 규정 및 절차에 따라 신청하여 주시기 바랍니다 . 2026 년 8 월 25 일 부총리 겸 과학기술정보통신부 장관 정보통신기획평가원 원장 □ 사업목적 ○ ICT 정책 및 제도개선의 타당성 확보를 위한 정책개발 및 정책현안 조사 · 연구 등 지원 □ 지원분야 및 규모 ○ 정책연구 13 개 과제 ( 과제별 금액 및 기간 상이 ) □ 공고기간 : 2026. 8. 25.( 화 ) ～ 2026. 9. 23.( 수 ), 30 일간 ○ 전산접수기간 : 2026. 9. 9.( 수 ) ～ 2026. 9. 23.( 수 ) 오후 3 시까지 (IRIS 시스템 시간 기준 ) □ 접수방법 : 범부처통합연구지원시스템 (iris.go.kr) 을 통한 신청 접수 ○ 신청 부문별 사업공고 확인 ( 내역사업 , RFP 명 등 ) 후 신청 접수 · 완료 * IRIS 를 통한 접수 방법은 매뉴얼 참조 ※ 관련 법령 개정 등 주요한 변경 사항 발생 시 수정 공고문을 게시할 수 있습니다 .",2026-09-15T12:01:25,2026-09-20T23:57:56
IRIS:023777,IRIS,2026년 한-EU 공동연구지원사업 신규과제 공모,과학기술정보통신부,한국연구재단,,과학기술정보통신부 공고 제2026-0902호,2026-08-24,자유공모,접수중,2026-08-31,2026-09-23,0,(공동연구) EU-공동연구 2026 김형주(0234605731)/우상하(0234605623)/이영민(0234605685),https://www.iris.go.kr/contents/retrieveBsnsAncmBtinSituListView.do,과학기술정보통신부 공고 제 2026 – 0902 호 2026 년도 한 -EU 공동연구지원사업 신규과제 공모 과학기술정보통신부에서는 2026 년도 한 -EU 공동연구지원사업 신규 과제를 다음과 같이 공모 하오니 관심 있는 연구자의 많은 참여 바랍니다 . 2026 년 8 월 24 일 < 주무부처 > 부총리 겸 과학기술정보통신부 장 관 배 경 훈 < 전문기관 > 한국연구재단 이사장 홍 원 화,2026-09-15T12:01:26,2026-09-20T23:57:56
IRIS:023597,IRIS,2026년도 2차 신재생에너지R&D(수소) 신규지원대상 연구개발과제 재공고,기후에너지환경부,한국에너지기술평가원,,기후에너지환경부 공고 제2026-808호,2026-08-19,품목지정공모,접수중,2026-08-25,2026-09-18,0,수소 2026 곽승규(0234698349)/이보은(0234698348)/이현주(0234698345),https://www.iris.go.kr/contents/retrieveBsnsAncmBtinSituListView.do,기후에너지환경부 공고 제2026-808호,2026-09-15T12:01:27,2026-09-18T08:41:12
IRIS:023617,IRIS,(연장공고) 2026년도 AI 기반 주파수 간섭분석 및 전파예측기술 개발사업 신규지원 대상과제 공고,과학기술정보통신부,정보통신기획평가원,,과학기술정보통신부 공고 제2026-0876호,2026-08-13,지정공모,접수중,2026-08-31,2026-09-18,0,AI기반차세대주파수간섭분석기술개발 2026 조용경(0426128354),https://www.iris.go.kr/contents/retrieveBsnsAncmBtinSituListView.do,"※ 과학기술정보통신부 제 2026-0876 호 공고에 따라 아래 대상과제는 ‘26.9.18( 금 ) 15 시까지 (IRIS 시간기준 ) 연장공고 합니다 . ( 단위 : 억원 ) 부문 세부 사업명 내역 사업명 과제명 총 수행 기간 ’26 년 정부지원 ( 총 정부 지원 ) 공모 방식 연구단계 (TRL) 주관기관 전파 · 위성 AI 기반 주파수 간섭분석 및 전파 예측 기술개발 AI 기반 차세대 주파수 간섭분석 기술 개발 수중 통신채널 환경 분석 및 예측 모델 개발 4 년 이내 (18 개월 +21 개월 ) 6 (26) 지정 공모 응용 (3~5) 제한 없음 * 원 공고에서 접수 완료한 기관은 , 기존 접수 내역이 유효하므로 다시 신청하지 않으셔도 됩니다 . 과학기술정보통신부 공고 제 2026-0876 호 2026 년도 AI 기반 주파수 간섭분석 및 전파예측기술 개발사업 신규지원 대상과제 공고 20 26 년도 AI 기반 주파수 간섭분석 및 전파예측기술개발사업 신규 지 원 대상 과제를 다음과 같이 재공고 하오니 동 사업에 참여를 희망하는 기관 ( 기업 ) 등은 관련 규정 및 절차에 따라 신청하여 주시기 바랍니다 . 2026 년 8 월 13 일 부총리 겸 과학기술정보통신부 장관 정보통신기획평가원 원장 □ 사업목적 ○ AI 기반 주파수 간섭분석 및 전파 예측기술 개발 - AI, 빅데이터 기술 기반 전파환경 분석 데이터와 실환경 전파전달 측정데이터를 접목하여 주파수 간섭분석 및 정밀한 전파전달 예측기술 개발 □ 지원대상 분야 및 사업 ○ ( 차세대통신 ) AI 기반 차세대 주파수 간섭분석 기술개발 □ 공고기간 : 2026. 8.13.( 목 ) ～ 2026. 9.11.( 금 ) 15 시까지 , 30 일간 ○ 전산접수기간 : 2026. 8.31.( 월 ) ～ 2026. 9.11.( 금 ) 15 시까지 (IRIS 시스템 시간 기준 ) □ 접수방법 : 범부처통합연구지원시스템 (iris.go.kr) 을 통한 신청 접수 ○ 사업공고 확인 ( 세부사업 , 내역사업 , RFP 명 등 ) 후 신청 접수 · 완료 * IRIS 를 통한 접수 방법은 매뉴얼 참조 ※ 관련 법령 개정 등 주요한 변경 사항 발생 시 수정 공고문을 게시할 수 있습니다 .",2026-09-15T12:01:28,2026-09-18T00:00:18
IRIS:023557,IRIS,2026년도 NRF 인터내셔널 모빌리티 신규과제 공모,과학기술정보통신부,한국연구재단,,NR_2026_084,2026-08-11,자유공모,접수중,2026-08-19,2026-09-16,0,(국제) 일반연구교류지원사업(모빌리티) 2026 신지혜(0234605742),https://www.iris.go.kr/contents/retrieveBsnsAncmBtinSituListView.do,"2026 년도 NRF 인터내셔널 모빌리티 신규과제 공모 한국연구재단은 국내 연구자의 국제협력 네트워크 구축 및 공동연구 추진 기반 마련을 위하여 2026 년도 NRF 인터내셔널 모빌리티 신규과제를 다음과 같이 공모하오니 , 관심 있는 연구자의 많은 참여 바랍니다 . 2026 년 8 월 11 일 한국연구재단 이사장 홍 원 화",2026-09-15T12:01:29,2026-09-16T00:03:58
IRIS:019508,IRIS,2026년도 투·융자 연계 기술개발사업 지원계획 수정 공고(딥테크 챌린지 프로젝트_기술도전형),중소벤처기업부,중소기업기술정보진흥원,,중소벤처기업부 공고 제2026-446호,2026-07-10,지정공모,접수중,2026-04-23,2026-10-28,0,투·융자연계기술개발사업(DCP_기술도전형) 2026 송다현(0222800431)/이진형(0222800424)/장철희(0443000315)/조성대(0222800428),https://www.iris.go.kr/contents/retrieveBsnsAncmBtinSituListView.do,"중소벤처기업부 공고 제 2026 –446 호 2026 년도 투 · 융자 연계 기술개발사업 지원계획 수정 공고 < 딥테크 챌린지 프로젝트 > 2026 년 딥테크 챌린지 프로젝트의 지원계획을 다음과 같이 수정 공고하오니 , 프로그램에 참여를 희망하는 중소벤처기업과 운영사는 참고하시기 바랍니다 . 2026 년 7 월 10 일 중소벤처기업부 장관 * 본 공고는 딥테크 챌린지 프로젝트(DCP) 기술도전형 과제접수용 공고입니다. (기술도전형 신청 접수 가능) ① 3차 접수 기간 :2026. 8. 28.(금 ) 09:00:00 ~ 10. 28 .(수 ) 18:00:00 까지 (약 2 개월간 ) * 25년 재기획 RFP 중 기존 게시기간이 종료된 59,60,61,62 RFP는 8.28(금) 09:00:00 ~ 9.28(월) 18:00:00까지 접수(약 1개월간) ** 26년 1차 게시 1~32 RFP(평가진행중 RFP 제외 14개) 는 8.28(금) 09:00:00 ~ 9.28(월) 18:00:00까지 접수(약 1개월간) ② 대상 과제 : ' 전략기술 Bank' 에 공고된 RFP 중 현재 접수 중인 신규 프로젝트 * 지원 일정은 진행 상황에 따라 변동될 수 있음 **전략기술 bank rfp 확인 및 iris접수: https://scaleuptips.or.kr/page/dcp-bank ● 신청접수 양식 내 투자확약서 양식이 8.27(목) 기준 변경되었으니 꼭 확인하시기 바랍니다.",2026-09-15T12:01:34,2026-09-20T23:57:57
한국연구재단:281900,한국연구재단,2026년도 AI 기반 대학 과학기술 혁신사업(자율실험실) 신규과제 공모,,한국연구재단,과학기술분야 기초연구사업 > 기반구축사업 > AI기반 대학 과학기술 혁신사업,,2026-09-14,,접수대기,2026-10-01,2026-10-14,0,,https://www.nrf.re.kr/biz/notice/view?ac=view&menuNo=362&postNo=281900&bizNo=787," 과학기술정보통신부 공고 제 2026-0956 호 2026 년도 AI 기반 대학 과학기술 혁신사업(자율실험실) 신규과제 공모 2026 년도 AI 기반 대학 과학기술 혁신사업(자율실험실) 신규과제 선정·지원 계획을 다음과 같이 공고합니다 . 2026 년 9 월 14일 < 주무부처 > 부총리 겸 과학기술정보통신부 장관 배경훈 < 전문기관 > 한국연구재단 이사장 홍원화 ※ AI 기반 대학 과학기술 혁신사업(자율실험실)은 한국과학기술기획평가원(KISTEP)이 운영하는 범부처통합연구지원시스템 (IRIS, https://www.iris.go.kr) 을 통해 과제신청 , 평가 및 관리업무를 진행 합니다. · 첨부파일 [공고문] 2026년도 AI 기반 대학 과학기술 혁신사업 신규과제 공모.pdf · 문의처 담당부서 : 집단연구지원팀 | 담당자 : 박재희 | 연락처 : 042-869-6823 ※ 자세한 내용은 첨부파일 참조 및 문의처로 문의하여 주시기 바랍니다. 목록 다음글 2026년 온라인 논문투고 심사시스템(JAMS) 신청요강 공고 이전글 2026년도 후기 자연계 대학원 전문연구요원 편입대상자 선발 공고 안내",2026-09-15T12:01:45,2026-09-20T23:58:05
한국연구재단:281277,한국연구재단,2026년도 후기 자연계 대학원 전문연구요원 편입대상자 선발 공고 안내,,한국연구재단,교육·인력양성사업 > 대학연구기관 전문연구요원지원사업,,2026-09-04,,접수대기,2026-09-21,2026-10-13,0,,https://www.nrf.re.kr/biz/notice/view?ac=view&menuNo=362&postNo=281277&bizNo=326," <2026년도 후기 자연계 대학원 전문연구요원 편입대상자 선발 공고 안내> 2026년도 후기 자연계 대학원 전문연구요원 편입대상자 선발 계획을 다음과 같이 공고하오니, 자세한 내용은 [붙임]을 확인하여 주시기 바랍니다. ※ 공고 관련 주요 안내사항 (2026.9.4.) ㅇ 지원자 온라인 신청기간 : 2026.9.21.(월) 오전 10시 ~ 2026.10.13.(화) 18시 ㅇ 접수 완료 여부는 (지원자 온라인 제출 이후에도) 기관의 현황표 제출 여부를 모두 취합하여 검토하여야 최종 확인이 가능합니다. 반드시 온라인 접수 완료 후 접수 내역을 기관 담당자(소속대학 전문연구요원 신청/접수 업무 담당자)에게 알리시기 바랍니다. (소속대학(기관)의 담당자 제출 서류는 붙임3으로 각 대학에도 동일한 내용의 안내가 공문으로 발송됩니다.) - 따라서, 2026.10.30.(금) 18시 이후 재단 홈페이지 사업 게시판 공지글을 통해 접수 완료자 목록을 확인하여 주시기 바라며, 이전까지는 개별 확인이 불가능한 점 양해 부탁드립니다. * 접수 내역에 오류가 있는 연구자의 경우, 재단에서 검토 후 별도 연락을 취할 예정입니다. ㅇ 합격자 발표는 2026.11.24.(화) 18시 이후 재단 홈페이지 사업 게시판 공지글을 통해 공지될 예정이므로, 해당 일정에 맞추어 확인하여 주시기 바랍니다. ㅇ 공고 이후 추가 안내사항은 본 게시글에 업데이트할 예정입니다. 붙임 1. 2026년도 후기 자연계 대학원 전문연구요원 편입대상자 선발 공고문 1부 붙임 2. (지원자) 제출서류 양식 및 온라인 신청 매뉴얼 각 1부 붙임 3. (기관 제출) 접수현황표 양식 및 제출 방법 안내문 각 1부 붙임 4. (참조) 2026년 박사과정 전문연구요원 복무관리 매뉴얼 1부. 끝. ㅇ전문연구요원 편입대상자 선발 관련 문의처 : 042-869-6758 ※ 전문연구요원 편입 신청 및 (편입 이후) 복무 관리 등에 관련한 사항은 각 지방 병무청으로 문의 바랍니다. 감사합니다. · 첨부파일 붙임. [공고문] 2026년 후기 자연계 대학원 전문연구요원 편입대상자 선발 공고.hwp 붙임2. (지원자) 제출서류 양식 및 온라인 신청 매뉴얼.zip 붙임3. (기관 제출) 접수현황표 양식 및 제출 방법 안내문.zip 붙임4. (참조) 2026년 (박사과정) 전문연구요원 복무관리 매뉴얼.pdf · 문의처 담당부서 : 학술총괄팀 | 담당자 : 손예령 | 연락처 : 042-869-6758 ※ 자세한 내용은 첨부파일 참조 및 문의처로 문의하여 주시기 바랍니다. 목록 다음글 2026년도 AI 기반 대학 과학기술 혁신사업(자율실험실) 신규과제 공모 이전글 2026년도 국가과학자지원사업(리더급 국가과학기술자) 공모",2026-09-15T12:01:49,2026-09-20T23:58:05
한국연구재단:281795,한국연구재단,2026년도 국가과학자지원사업(리더급 국가과학기술자) 공모,,한국연구재단,과학기술인력양성 > 창의적 인재육성 > 국가과학자지원사업,,2026-09-11,,접수중,2026-09-21,2026-10-12,0,,https://www.nrf.re.kr/biz/notice/view?ac=view&menuNo=362&postNo=281795&bizNo=797," 과학기술정보통신부 공고 – 제 2026-0945 호 ​ 2026 년도 국가과학자지원사업 (리더급 국가과학기술자 ) 공모 ㅤㅤ 과학기술정보통신부에서 추진하는 「국가과학자지원 사업 (리더급 국가과학기술자 ) 」 를 다음과 같이 공모하오니 관심 있는 분들의 많은 신청 바랍니다 . ㅤ 2026 년 9 월 11 일 ㅤㅤㅤㅤㅤ ㅤ < 주무부처 > 부총리 및 과학기술정보통신부 장 관 배 경 훈 < 전문기관 > 한국연구재단 이사장 홍 원 화 ​ ​ ◾ 사업설명 회 개최 ​ - 일시 : 2026. 9. 16.(수 ) 14:00 ​ - 장소 : 로얄호텔서울(서울특별시 중구 명동길 61) 그랜드볼룸 3F ※ 개최일정은 추후 변경될 수 있으며 , 연구재단 (www.nrf.re.kr) 홈페이지에 공지 예정 ㅤㅤ ※ 첨부파일 ​ ㅤ1. [공고문] 2026년도 국가과학자지원사업(리더급 국가과학기술자) 공모 ​ ㅤ2. 첨부목록 ㅤ3. FAQ 및 매뉴얼 등 · 첨부파일 [공고문] 2026년도 국가과학자지원사업(리더급 국가과학기술자) 공모.hwpx 붙임1. 첨부목록.zip 붙임2. FAQ 및 매뉴얼 등.zip · 문의처 담당부서 : 성과확산혁신팀 | 담당자 : 김진혁 | 연락처 : 042-869-6694 ※ 자세한 내용은 첨부파일 참조 및 문의처로 문의하여 주시기 바랍니다. 목록 다음글 2026년도 후기 자연계 대학원 전문연구요원 편입대상자 선발 공고 안내 이전글 2027년 상반기 <대한민국 과학기술인상> 선정계획 공고",2026-09-15T12:01:52,2026-09-20T23:58:05
한국연구재단:281672,한국연구재단,2027년 상반기 <대한민국 과학기술인상> 선정계획 공고,과학기술정보통신부,한국연구재단,교육·인력양성사업 > 우수과학자포상,,2026-09-09,,접수중,2026-09-09,2026-10-08,0,,https://www.nrf.re.kr/biz/notice/view?ac=view&menuNo=362&postNo=281672&bizNo=245, 과학기술정보통신부 공고 제 2026-0937 호 2027 년 상반기 < 대한민국 과학기술인상 > 선정계획 공고 과학기술정보통신부가 추진하는 「우수과학자포상사업」 2027년 상반기 대한민국 과학기술인상 선정계획을 아래와 같이 공고하오니 관심 있는 연구자들의 많은 참여 바랍니다. 2026년 9월 9일 <주무부처> 부총리 겸 과학기술정보통신부 장관 배경훈 <전문기관> 한국연구재단 이사장 홍원화 · 첨부파일 붙임01) 2027년 상반기 대한민국 과학기술인상 선정계획 공고(안).hwpx 붙임02) 평가세부학문분야.xlsx · 문의처 담당부서 : 성과확산혁신팀 | 담당자 : 이선미 | 연락처 : 042-869-6691 ※ 자세한 내용은 첨부파일 참조 및 문의처로 문의하여 주시기 바랍니다. 목록 다음글 2026년도 국가과학자지원사업(리더급 국가과학기술자) 공모 이전글 2026년도 미래개척융합과학기술개발사업 신규과제 제4차 공모,2026-09-15T12:01:56,2026-09-20T23:58:05
한국연구재단:281560,한국연구재단,2026년도 미래개척융합과학기술개발사업 신규과제 제4차 공모,과학기술정보통신부,한국연구재단,"미래개척융합과학기술개발, 미래유망융합기술파이오니어",,2026-09-08,,접수대기,2026-09-23,2026-10-08,0,,https://www.nrf.re.kr/biz/notice/view?ac=view&menuNo=362&postNo=281560&bizNo=25, 과학기술정보통신부 공고 제2026 – 0935호 2026년도 미래개척융합과학기술개발사업 신규과제 제4차 공모 과학기술정보통신부가 추진하는 「미래개척융합과학기술기술개발사업」의 제4차 신규과제를 아래와 같이 공모하오니 관심 있는 연구자들의 많은 참여 바랍니다. 2026년 9월 8일 <주무부처> 부총리 겸 과학기술정보통신부 장관 배 경 훈 <전문기관> 한국연구재단 이사장 홍 원 화 · 첨부파일 (붙임1) 2026년도 미래개척융합과학기술개발사업 신규과제 제4차 공모.hwpx (붙임2) 별첨서류.zip · 문의처 담당부서 : 정보ㆍ융합기술단 | 담당자 : 박철순 | 연락처 : 042-869-7838 ※ 자세한 내용은 첨부파일 참조 및 문의처로 문의하여 주시기 바랍니다. 목록 다음글 2027년 상반기 <대한민국 과학기술인상> 선정계획 공고 이전글 양자정보과학 인적기반조성사업 리더급연구역량강화(연구혁신형) 2026년도 한-캐나다 양자과학기술 공동연구사업 신규과제 공모,2026-09-15T12:01:59,2026-09-20T23:58:05
한국연구재단:280734,한국연구재단,양자정보과학 인적기반조성사업 리더급연구역량강화(연구혁신형) 2026년도 한-캐나다 양자과학기술 공동연구사업 신규과제 공모,과학기술정보통신부,한국연구재단,과학기술인력양성 > 창의적 인재육성 > 과학기술혁신인재양성(양자정보과학 인적기반 조성),,2026-08-31,,접수중,2026-08-31,2026-10-06,0,,https://www.nrf.re.kr/biz/notice/view?ac=view&menuNo=362&postNo=280734&bizNo=527, 과학기술정보통신부 공고 제2026 - 0899호 양자정보과학 인적기반조성사업 리더급연구역량강화(연구혁신형) 2026년도 한-캐나다 양자과학기술 공동연구사업 신규과제 공모 과학기술정보통신부에서는 한국과 캐나다 양국 간 국제협력을 통한 양자과학기술 경쟁력 강화를 위해 「한-캐나다 양자과학기술 공동연구사업」의 2026년도 신규과제를 다음과 같이 공모하오니 연구자분들의 많은 관심과 참여 바랍니다. 2026년 8월 31일 <주무부처> 부총리 겸 과학기술정보통신부 장관 배 경 훈 <전문기관> 한국연구재단 이사장 홍 원 화 ※ 본 공고의 영문 버전과 NSERC 측 공고문 별도 확인 필요 · 첨부파일 붙임1 연구개발계획서 양식.zip 붙임2 별첨자료 양식.zip 붙임3 IRIS 관련 매뉴얼.zip 붙임5 (NSERC 공고문)NSERC - NRF Quantum Call - Program Description.pdf 붙임4 (NRF 영문 공고문)2026 Korea-Canada Joint Call for Proposals in Quantum Science and Technology.pdf 2026년도 한-캐나다 양자기술 공동연구사업 신규과제 공고_260831ver.pdf · 문의처 담당부서 : 양자기술단 | 담당자 : 임혜린 | 연락처 : 042-869-7837 담당부서 : 양자기술단 | 담당자 : 이바다 | 연락처 : 042-869-7833 ※ 자세한 내용은 첨부파일 참조 및 문의처로 문의하여 주시기 바랍니다. 목록 다음글 2026년도 미래개척융합과학기술개발사업 신규과제 제4차 공모 이전글 2026년도 한-EU 공동연구지원사업 신규과제 공모,2026-09-15T12:02:02,2026-09-20T23:58:05
한국연구재단:280133,한국연구재단,2026년도 한-EU 공동연구지원사업 신규과제 공모,과학기술정보통신부,한국연구재단,"국가간협력기반조성사업, 호라이즌 유럽",,2026-08-24,,접수중,2026-08-31,2026-09-23,0,,https://www.nrf.re.kr/biz/notice/view?ac=view&menuNo=362&postNo=280133&bizNo=294," 과학기술정보통신부 공고 제2026–0902호 2026년도 한-EU 공동연구지원사업 신규과제 공모 과학기술정보통신부에서는 2026년도 한-EU 공동연구지원사업 신규 과제를 다음과 같이 공모하오니 관심 있는 연구자의 많은 참여 바랍니다. 2026년 8월 24일 <주무부처> 부총리 겸 과학기술정보통신부 장 관 배 경 훈 <전문기관> 한국연구재단 이사장 홍 원 화 해당 사업은 기존 한국연구재단의 e-R&D를 대체하여 한국과학기술기획평가원(KISTEP)이 운영하는 IRIS*( https://www.iris.go.kr )를 통해 과제신청, 평가 및 관리 업무를 진행합니다. *IRIS(Integrated R&D Information System): 각 부처 및 전문기관별로 운영하고 있던 시스템을 하나로 통합한 범부처통합연구지원시스템 ※ 연구책임자 신청 기간(IRIS) : 2026.8.31.(월) ~ 2026.9.23.(수) 18:00까지 ※ 주관연구기관 검토 승인기간(IRIS): 2026.8.31.(월) ~ 2026.9.23.(수) 18:00까지 ㅇ 연구책임자의 자격 -「국가연구개발혁신법」제2조 제3항에서 정하는 기관 및 단체에 소속된 연구자로서 Horizon Europe 프로그램 에 공식 파트너로 참여가 확정된 자 ※ Horizon Europe 과제제안서(DoA 혹은 DoW), GA(Grant Agreement), CA(Consortium Agreement) 등에 공식 파트너로 명시되어야 합니다. ※ EU측의 과제 평가에 선정된 후 협약 협상 중인 연구자도 신청 가능하나, 최종 참여확인서를 한국연구재단에 제출해야 합니다. · 첨부파일 참고1. IRIS 이용 관련 매뉴얼 별첨자료.zip 붙임1. 2026년도 한-EU 공동연구지원사업 신규과제 공고문(안).hwpx 참고2. 2026 Korea-EU Joint Research Program_2026 Call_announcement.pdf 붙임2. 2026년도 한-EU 공동연구지원사업 제출서류 양식.zip · 문의처 담당부서 : 호라이즌유럽다자협력팀 | 담당자 : 김형주 | 연락처 : 02-3460-5731 ※ 자세한 내용은 첨부파일 참조 및 문의처로 문의하여 주시기 바랍니다. 목록 다음글 양자정보과학 인적기반조성사업 리더급연구역량강화(연구혁신형) 2026년도 한-캐나다 양자과학기술 공동연구사업 신규과제 공모 이전글 [정책연구과제] 신규과제 공모(국가 R&D 및 학술인재양성 투자의 장기 파급효과 연구)",2026-09-15T12:02:06,2026-09-20T23:58:05
한국연구재단:281851,한국연구재단,[정책연구과제] 신규과제 공모(국가 R&D 및 학술인재양성 투자의 장기 파급효과 연구),,한국연구재단,과학기술분야 연구기획과제 > 과학기술분야 연구기획과제,,2026-09-11,,접수중,2026-09-11,2026-09-21,0,,https://www.nrf.re.kr/biz/notice/view?ac=view&menuNo=362&postNo=281851&bizNo=261," 한국연구재단 성과확산혁신팀에서는 아래와 같이 정책연구과제를 공모하여 추진하고자 하오니 관심 있는 분들의 많은 참여를 부탁드립니다. 2026년 9월 11일 한국연구재단 이사장 홍 원 화 ㅁ 공모대상과제 ㅇ 과제명 : 국가 R&D 및 학술·인재양성 투자의 장기 파급효과 추적 연구 - 한국연구재단 50년 대표 성과·인물 발굴 및 기여도 분석을 중심으로 - ㅇ 연구비 : 200백만 원 ㅇ 연구기간 : 8개월(`26.10.1.~`27.5.31.) ㅁ 과업내용 ㅇ 연구지원 50년을 포괄하는 투자 대비 성과 발굴체계 및 세부기준 마련 ㅇ 대표 연구성과 50선 발굴 및 영향경로 분석 (성과 트랙) ㅇ 대한민국 대표 연구자 50인 발굴 및 성장경로 분석 (인물 트랙) ㅇ 정부 지원 기여도 분석 및 대국민 확산자료 기획·제작 ㅁ 제출서류 ㅇ 과제 신청 공문 1부 ㅇ 정책연구과제 신청서 및 신청용 연구계획서 1부 ㅇ 개인정보 및 과세정보의 제공·활용 동의서 1부 ㅁ제출기한 및 방법 ㅇ 제출기한 : 2026년 9월 21일(월) 18:00 까지 ㅇ 제출방법 : 전자공문 또는 전자우편(E-mail) 접수 · 첨부파일 [공고문] 한국연구재단 정책연구과제 신규 공모(국가 R&D 및 학술인재양성 투자의 장기 파급효과).hwp 붙임. 별첨자료.zip · 문의처 담당부서 : 성과확산혁신팀 | 담당자 : 김진혁 | 연락처 : 042-869-6694 ※ 자세한 내용은 첨부파일 참조 및 문의처로 문의하여 주시기 바랍니다. 목록 다음글 2026년도 한-EU 공동연구지원사업 신규과제 공모 이전글 차세대 SMR생태계 구축 전략 컨퍼런스(차세대 SMR : 기술에서 산업으로, 세계로 뻗어가는 에너지) 개최 안내",2026-09-15T12:02:09,2026-09-20T23:58:05
한국연구재단:281518,한국연구재단,"차세대 SMR생태계 구축 전략 컨퍼런스(차세대 SMR : 기술에서 산업으로, 세계로 뻗어가는 에너지) 개최 안내",,한국연구재단,원자력진흥,,2026-09-08,,접수중,2026-09-08,2026-09-21,0,,https://www.nrf.re.kr/biz/notice/view?ac=view&menuNo=362&postNo=281518&bizNo=691, · 첨부파일 홍보 포스터.pdf · 문의처 담당부서 : 원자력단 | 담당자 : 박형규 | 연락처 : 042-869-7818 ※ 자세한 내용은 첨부파일 참조 및 문의처로 문의하여 주시기 바랍니다. 목록 다음글 [정책연구과제] 신규과제 공모(국가 R&D 및 학술인재양성 투자의 장기 파급효과 연구) 이전글 2026년도 가속기핵심기술개발사업 신규과제 재공모,2026-09-15T12:02:13,2026-09-20T23:58:05
한국연구재단:281509,한국연구재단,2026년도 가속기핵심기술개발사업 신규과제 재공모,과학기술정보통신부,한국연구재단,기초연구진흥(방사선분야 등) > 기초연구기반구축사업(방사선 분야 등) > 방사광가속기 공동이용연구지원,,2026-09-08,,접수마감,2026-09-09,2026-09-18,0,,https://www.nrf.re.kr/biz/notice/view?ac=view&menuNo=362&postNo=281509&bizNo=500," 과학기술정보통신부 공고 제2026 – 0934호 2026년도 가속기핵심기술개발사업 신규과제 재공모 과학기술정보통신부가 추진하는 가속기핵심기술개발사업의 신규과제를 아래와 같이 공모하오니 관심 있는 연구자들의 많은 참여 바랍니다. 2026년 9월 8일 <주무부처> 부총리 겸 과학기술정보통신부 장관 배 경 훈 <전문기관> 한국연구재단 이사장 홍 원 화 ​ ※ 자료 제출 관련 문의 : hyangjin@nrf.re.kr ​ · 첨부파일 2026년도 가속기핵심기술개발사업 신규과제 재공모 공고문.hwpx 붙임1. 과제제안요구서(RFP)_저장링 입사요동 저감을 위한 비선형 킥커 (Non-Linear Kicker) 시스템 개발.hwpx 붙임2. 연구개발계획서 양식.zip 붙임3. 별첨자료 양식.zip 붙임4. 신청 시 참고자료.zip · 문의처 담당부서 : 거대인프라·방사선단 | 담당자 : 이향진 | 연락처 : 042-869-7806 ※ 자세한 내용은 첨부파일 참조 및 문의처로 문의하여 주시기 바랍니다. 목록 다음글 차세대 SMR생태계 구축 전략 컨퍼런스(차세대 SMR : 기술에서 산업으로, 세계로 뻗어가는 에너지) 개최 안내 이전글 2026년도 NRF 인터내셔널 모빌리티 신규과제 공모",2026-09-15T12:02:17,2026-09-20T23:58:05
한국연구재단:279124,한국연구재단,2026년도 NRF 인터내셔널 모빌리티 신규과제 공모,,한국연구재단,국제협력사업 > 글로벌연구협력지원 > 일반연구교류지원사업,,2026-08-11,,접수마감,2026-08-19,2026-09-15,0,,https://www.nrf.re.kr/biz/notice/view?ac=view&menuNo=362&postNo=279124&bizNo=208," <2026년도 NRF 인터내셔널 모빌리티 신규과제 공모> 한국연구재단은 국내 연구자의 국제협력 네트워크 구축 및 공동연구 추진 기반 마련을 위하여 2026년도 NRF 인터내셔널 모빌리티 신규과제를 아래와 같이 공모하오니, 관심 있는 연구자의 많은 참여 바랍니다. 2026년 8월 11일 한국연구재단 이사장 홍 원 화 ※ 첨부문서 (IRIS에 증빙서류는 계획서에 합본하여 탑재) 1. 2026년도 NRF 인터내셔널 모빌리티 신규공모 공고문(국문) 1부. 2. 제출서류(국,영문) 양식 각 1부. 3. 2026년도 NRF 인터내셔널 모빌리티 프로그램 신규과제 신청 관련 FAQ 1부. 4. [Call for Proposal] NRF International Mobility Program 2026. · 첨부파일 1. 2026년도 NRF 인터내셔널 모빌리티 신규공모 공고문(국문).hwp 2. 제출서류 양식.zip 3. 2026년도 NRF 인터내셔널 모빌리티 프로그램 신규과제 신청 관련 FAQ.hwp 4. [Call for Proposal] NRF International Mobility Program 2026.pdf · 문의처 담당부서 : 국제협력기반조성팀 | 담당자 : 신지혜 | 연락처 : 02-3460-5742 ※ 자세한 내용은 첨부파일 참조 및 문의처로 문의하여 주시기 바랍니다. 목록 다음글 2026년도 가속기핵심기술개발사업 신규과제 재공모 이전글 2026년 전문대학 특성화 선도대학 육성사업 공고",2026-09-15T12:02:27,2026-09-20T23:58:14
한국연구재단:278763,한국연구재단,2026년 전문대학 특성화 선도대학 육성사업 공고,,한국연구재단,교육·인력양성사업 > 전문대학 혁신지원사업 > 전문대학 특성화 선도대학 육성사업,,2026-08-04,,접수마감,2026-08-04,2026-09-11,0,,https://www.nrf.re.kr/biz/notice/view?ac=view&menuNo=362&postNo=278763&bizNo=791," 교육부 공고 제2026-318호 2026 년 전문대학 특성화 선도대학 육성사업 공고 ｢2026년 전문대학 특성화 선도대학 육성사업 기본계획｣에 따라, 사업 선정 및 지원 계획을 붙임과 같이 공고합니다. 2026년 8월 4일 교육부 장관 최 교 진 한국연구재단 이사장 홍 원 화 · 첨부파일 붙임1. 2026년 전문대학 특성화 선도대학 육성사업 공고문.hwpx 붙임2. 2026년 전문대학 특성화 선도대학 육성사업 관련 서식.zip · 문의처 담당부서 : 전문대학지원팀 | 담당자 : 김보원 | 연락처 : 042-869-6427 ※ 자세한 내용은 첨부파일 참조 및 문의처로 문의하여 주시기 바랍니다. 목록 다음글 2026년도 NRF 인터내셔널 모빌리티 신규과제 공모 이전글 [정책연구용역과제 공모] 사업 운영 및 성과관리 전략체계 고도화 연구",2026-09-15T12:02:32,2026-09-20T23:58:14
한국연구재단:281305,한국연구재단,[정책연구용역과제 공모] 사업 운영 및 성과관리 전략체계 고도화 연구,,한국연구재단,과학기술분야 연구기획과제,,2026-09-04,,접수마감,2026-09-04,2026-09-10,0,,https://www.nrf.re.kr/biz/notice/view?ac=view&menuNo=362&postNo=281305&bizNo=551," 한국연구재단에서는 다음과 같이 정책연구용역과제를 공모합니다. 관심 있는 분들의 많은 참여 바랍니다. 2026년 9월 4일 1. 과제개요 ㅇ ( 과 제 명 ) 사업 운영 전략 강화를 위한 추진체계 고도화 연구 ㅇ ( 연구기간 ) 4개월 내외(2026. 9~12월말) ※ 협약체결 일자 및 추진 상황에 따라 연구개시일 및 종료일 변경 가능 ㅇ ( 지원규모 ) 50,000천원 이내 ※ 부가가치세 포함 ㅇ ( 연구내용 ) [첨부 1] 제안요청서 참고 2. 공모내용 ㅇ ( 신청자격 ) - 대학(교)의 조교수 이상의 교원 - 정부출연연구기관의 선임급 이상의 연구원 - 상기 자격기준에 준하는 자 또는 해당과제의 수행을 위한 역량을 갖춘 자로 이와 유관한 경험이 풍부한 자(관련 경력 5년 이상) ※ 단, 공고마감일 현재 관련 규정에 따라 국가연구개발사업에 참여제한을 받고 있는 자는 참여 불가 ㅇ ( 접수기간 ) 2026. 9. 4.(금)~9. 10.(목) 18:00까지 ※ 응모자가 없는 경우 7일간 재공고 예정 ㅇ ( 제출방법 ) 전자공문(마감일 이후 도착 불인정) ※ 제출서류 첨부 ※ 전자공문 발송이 불가한 경우, 공문과 제출서류 일체를 포함하여 전자우편(jspark@nrf.re.kr) 제출(마감시간 이후 도착 불인정) ㅇ ( 제출서류 ) - 소속기관의 신청 공문 1부(산학협력단장 또는 소속기관장 직인) - 정책연구용역과제 신청서 각 1부(첨부 참고) ㅇ ( 제 출 처 ) 한국연구재단 ( 혁신전략팀 ) ㅇ ( 작성방법 ) 정책연구용역과제 제안요청서[첨부1]와 연구용역비 산정·집행기준표[첨부3] 참고 후 신청서[첨부2] 작성 ※ 날인이 없는 공문과 신청서는 무효로 처리함 ※ 제출서류(서명/날인본) 스캔본을 포함·첨부하여 제출(원본은 우편* 별도 송부) * (우편제출처) 대전광역시 유성구 가정로 201 한국연구재단 혁신전략팀 3. 선정방법 ㅇ ( 평가방법 ) 서면평가 ㅇ ( 선정절차 ) 5인 내외의 전문가로 구성된 평가위원회 운영 ㅇ ( 평가항목 ) 정책연구용역과제 연구계획서 심사표[첨부5] 참고 4. 선정결과 통보 및 협약 ㅇ 선정된 주관연구기관(연구책임자)에 통보 ※ 단, 평가결과 적격 연구과제가 없는 경우 선정하지 않을 수 있음 ㅇ 선정과제의 협약 체결 및 해지 등의 제반 행정절차는 한국연구재단 <정책연구용역과제 관리지침>을 따름 ※ 정책연구용역계약은 계약사항 이행 완료 후 연구비 정산절차를 거치는 정산 계약이며, 정산기준은 [첨부3] 참고 5. 문의처 ㅇ 한국연구재단 혁신전략팀 박재서 선임연구원(jspark@nrf.re.kr, 042-869-6093) 첨부 1. 정책연구용역과제 제안요청서(RFP) 첨부 2. 정책연구용역과제 신청서 및 연구계획서(양식) 첨부 3. 연구용역비 산정․집행기준표 첨부 4. 정책연구용역과제 연구계획서 심사표 첨부 5. 정책연구용역과제 관리지침 · 첨부파일 [첨부 1] 정책연구용역과제 제안요청서(RFP).hwpx [첨부 2] 정책연구용역과제 신청서 및 연구계획서(양식).hwpx [첨부 3] 연구용역비 산정·집행 기준표.hwpx [첨부 4] 정책연구용역과제 연구계획서 심사표.hwpx [첨부 5] 정책연구용역과제 관리지침.hwpx · 문의처 담당부서 : 혁신전략팀 | 담당자 : 박재서 | 연락처 : 042-869-6093 ※ 자세한 내용은 첨부파일 참조 및 문의처로 문의하여 주시기 바랍니다. 목록 다음글 2026년 전문대학 특성화 선도대학 육성사업 공고 이전글 2026년 국제협력선도대학육성지원사업(교육ODA사업) 정책연구용역과제",2026-09-15T12:02:35,2026-09-20T23:58:14
한국연구재단:281199,한국연구재단,2026년 국제협력선도대학육성지원사업(교육ODA사업) 정책연구용역과제,,한국연구재단,국제협력사업 > 국제협력선도대학사업,,2026-09-04,,접수마감,2026-09-04,2026-09-10,0,,https://www.nrf.re.kr/biz/notice/view?ac=view&menuNo=362&postNo=281199&bizNo=269," <2026년 국제협력선도대학육성지원사업(교육ODA사업) 정책연구용역과제 공고> 한국연구재단 국제협력본부에서 2026년도 국제협력선도대학육성·지원사업의 정책연구용역과제를 다음과 같이 추진하고자 합니다. 관심 있는 분들의 많은 참여 바랍니다. 2026년 9월 4일 한국연구재단 이사장 홍 원 화 1. 과제개요 ㅇ 과 제 명 : 국제협력선도대학육성지원사업 5주기 기본계획 수립을 위한 정책연구 ㅇ 연구기간 : 2026.9월 ~ 2026.12월(4개월) ㅇ 연 구 비 : 30,000천원 ㅇ 연구내용 : [붙임2] 제안요청서(RFP) 참고 2. 공모내용 ㅇ 신청자격 - 대학(교)의 전임교원 - 정부출연연구기관의 선임급 이상의 연구원 - 해당과제의 수행을 위한 역량을 갖춘 사람으로 이와 유사한 사업의 경험이 풍부한 자(경력 5년 이상) - 공고 마감일 현재 관련 규정에 따라 국가연구개발사업에 참여제한을 받고 있지 않은 자 ㅇ 접수기간 : 2026.9.4.( 금 ) ~ 2026.9.10.( 목 ) 18:00 까지 ㅇ 제출방법 : 전자공문 제출 ※ 전자공문 발송 불가한 기관은 공문 스캔본과 제출 서류 등을 첨부하여 이메일로 발송(hong625@nrf.re.kr) ㅇ 제출서류 - 소속기관의 신청공문 1부(산학협력단장 또는 소속기관장 직인) - 정책연구용역과제 신청서 1부([붙임3]참고) - 개인정보 활용 및 동의서 1부([붙임4] 참고) ㅇ 제출처 - 전자공문 : 한국연구재단 국제개발협력팀 ㅇ 작성방법 : : 정책연구용역과제 제안요청서 [붙임2]와 연구용역비 산정·집행 기준표[붙임5] 를 참고하여 신청서 작성 ※ 날인이 없는 공문과 신청서는 무효로 처리함 ※ 전자우편 제출 시 직인 등이 포함된 서류는 스캔한 후 신청함 3. 선정방법 ㅇ 선정절차 : 재단 내·외부 전문가 포함 5인 내외의 평가위원회를 구성하여 평가 후 선정 ※ 단, 평가결과 적격한 연구책임자가 없는 경우 선정하지 않을 수 있음 ㅇ 평가항목 : [붙임1] 내 평가항목 및 배점 참조 4. 선정결과 통보 및 협약 ㅇ 선정된 주관연구기관(연구책임자)에게 통보 ㅇ 선정과제의 협약 및 해지 등의 제반 행정절차는 연구재단의 정책연구용역과제 관리지침을 따름 5. 문의처 ㅇ 한국연구재단 국제개발협력팀 홍지희 선임연구원(hong625@nrf.re.kr, 02-3460-5765) ㅇ 한국연구재단 국제개발협력팀 김은애 연구원(silverlove@nrf.re.kr, 02-3460-5761) 붙임1. 2026년 국제협력선도대학육성지원사업 정책연구용역과제 공고문 1부 붙임2. 정책연구용역과제 제안요청서(RFP) 1부 붙임3. 정책연구용역과제 신청서(연구계획서 포함) 서식 각 1부 붙임4. 개인정보 및 과세정보의 제공 활용 동의서 1부 붙임5. 연구용역비 산정·집행 기준표 1부. 끝. · 첨부파일 붙임1. 2026년 국제협력선도대학육성지원사업 정책연구용역과제 공고문.hwp 붙임2. 정책연구용역과제 제안요청서.hwp 붙임3. 정책연구용역과제 신청서 양식.hwp 붙임4. 개인정보 및 과세정보제공활용동의서.hwp 붙임5. 연구용역비 산정 집행 기준표.hwp · 문의처 담당부서 : 국제개발협력팀 | 담당자 : 홍지희 | 연락처 : 02-3460-5765 ※ 자세한 내용은 첨부파일 참조 및 문의처로 문의하여 주시기 바랍니다. 목록 다음글 [정책연구용역과제 공모] 사업 운영 및 성과관리 전략체계 고도화 연구 이전글 2026년도 교육부 학술연구지원사업 우수성과 50선 선정 공고",2026-09-15T12:02:38,2026-09-20T23:58:14
한국연구재단:279205,한국연구재단,2026년도 교육부 학술연구지원사업 우수성과 50선 선정 공고,,한국연구재단,"과학기술분야 기초연구사업, 인문사회분야 학술연구지원사업",,2026-08-11,수정공고,접수마감,2026-08-11,2026-09-09,0,,https://www.nrf.re.kr/biz/notice/view?ac=view&menuNo=362&postNo=279205&bizNo=42, 2026년도 교육부 학술연구지원사업 우수성과 50선 선정 안내 교육부와 한국연구재단이 지원하는 학술연구지원사업의 우수성과를 발굴하여 연구의욕을 고취하고 지속적인 연구개발을 장려하고자 아래와 같이 우수성과 50선 선정을 추진하오니 해당 연구자분들의 많은 관심과 참여 바랍니다. 붙임. 2026년도 교육부 학술연구지원사업 우수성과 50선 선정 공고 별첨. 국가과학기술표준분류체계 · 첨부파일 별첨. 국가과학기술표준분류체계.pdf 붙임. 2026년도 교육부 학술연구지원사업 우수성과 50선 선정 공고(최종).hwp · 문의처 문의분야 : 교육부 우수성과 50선 | 담당부서 : 성과확산혁신팀 | 담당자 : 김진혁 | 연락처 : 042-869-6694 ※ 자세한 내용은 첨부파일 참조 및 문의처로 문의하여 주시기 바랍니다. 목록 다음글 2026년 국제협력선도대학육성지원사업(교육ODA사업) 정책연구용역과제 이전글 2026년도 4차 국민생활안전 긴급대응연구(2단계) 기술개발 및 실증 신규과제 공모,2026-09-15T12:02:41,2026-09-20T23:58:14
한국연구재단:279023,한국연구재단,2026년도 4차 국민생활안전 긴급대응연구(2단계) 기술개발 및 실증 신규과제 공모,행정안전부,한국연구재단,사회문제해결 > 종료사업 > 국민생활안전긴급대응연구(2단계)(통합이관),,2026-08-07,,접수마감,2026-08-24,2026-09-07,0,,https://www.nrf.re.kr/biz/notice/view?ac=view&menuNo=362&postNo=279023&bizNo=650," 과학기술정보통신부 공고 제2026 – 874호 행정안전부 공고 제2026 – 1020호 2026년도 4차 국민생활안전 긴급대응연구(2단계) 기술개발 및 실증 신규과제 공모 과학기술정보통신부와 행정안전부에서 추진하는「2026년 4차 국민생활안전 긴급대응연구(2단계) 기술개발 및 실증」의 신규과제를 아래와 같이 공모하오니 관심 있는 연구자들의 많은 참여 바랍니다. 2026년 8월 7일 <주무부처> 부총리겸 과학기술정보통신부 장 관 배 경 훈 <주무부처> 행정안전부 장 관 윤 호 중 <전문기관> 한국연구재단 이사장 홍 원 화 · 첨부파일 [공고문] 2026년 4차 국민생활안전 긴급대응연구(2단계) 기술개발 및 실증 신규과제 공고문.pdf 붙임1 2026년 4차 국민생활안전 긴급대응연구(2단계) 기술개발 및 실증 신규과제 과제제안요구서(RFP).pdf 붙임2 연구개발계획서(양식).zip 붙임3 별첨자료 양식.hwp 붙임4 (참고자료) IRIS 매뉴얼, TRL 기준 등.zip · 문의처 담당부서 : 공공기술단 | 담당자 : 최효석 | 연락처 : 042-869-7795 ※ 자세한 내용은 첨부파일 참조 및 문의처로 문의하여 주시기 바랍니다. 목록 다음글 2026년도 교육부 학술연구지원사업 우수성과 50선 선정 공고 이전글 2026년도 가속기핵심기술개발사업 신규과제 공모",2026-09-15T12:02:45,2026-09-20T23:58:14
한국연구재단:279022,한국연구재단,2026년도 가속기핵심기술개발사업 신규과제 공모,과학기술정보통신부,한국연구재단,기초연구진흥(방사선분야 등) > 기초연구기반구축사업(방사선 분야 등) > 방사광가속기 공동이용연구지원,,2026-08-07,,접수마감,2026-08-21,2026-09-07,0,,https://www.nrf.re.kr/biz/notice/view?ac=view&menuNo=362&postNo=279022&bizNo=500, 과학기술정보통신부 공고 제2026 – 0873호 2026년도 가속기핵심기술개발사업 신규과제 공모 과학기술정보통신부가 추진하는 가속기핵심기술개발사업의 신규과제를 아래와 같이 공모하오니 관심 있는 연구자들의 많은 참여 바랍니다. 2026년 8월 7일 <주무부처> 부총리 겸 과학기술정보통신부 장관 배 경 훈 <전문기관> 한국연구재단 이사장 홍 원 화 ​ ※ 자료 제출 관련 문의 : hyangjin@nrf.re.kr ​ · 첨부파일 2026년도 가속기핵심기술개발사업 신규과제 공모 공고문.hwpx 붙임1. 과제제안요구서(RFP)_저장링 입사요동 저감을 위한 비선형 킥커 (Non-Linear Kicker) 시스템 개발.hwpx 붙임2. 연구개발계획서 양식.zip 붙임3. 별첨자료 양식.zip 붙임4. 신청 시 참고자료.zip · 문의처 담당부서 : 거대인프라·방사선단 | 담당자 : 이향진 | 연락처 : 042-869-7806 ※ 자세한 내용은 첨부파일 참조 및 문의처로 문의하여 주시기 바랍니다. 목록 다음글 2026년도 4차 국민생활안전 긴급대응연구(2단계) 기술개발 및 실증 신규과제 공모 이전글 [정책연구과제 재공모] 국가연구개발사업 관련 법령 및 기준 정비를 위한 「과학기술정보통신부 소관 과학기술분야 연구개발사업 처리규정」 개정방안 연구,2026-09-15T12:02:49,2026-09-20T23:58:14
한국연구재단:279438,한국연구재단,[정책연구과제 재공모] 국가연구개발사업 관련 법령 및 기준 정비를 위한 「과학기술정보통신부 소관 과학기술분야 연구개발사업 처리규정」 개정방안 연구,,한국연구재단,과학기술분야 연구기획과제,,2026-08-14,수정공고,접수마감,2026-08-25,2026-09-03,0,,https://www.nrf.re.kr/biz/notice/view?ac=view&menuNo=362&postNo=279438&bizNo=551," 정책연구과제 재공모 국가연구개발사업 관련 법령 및 기준 정비를 위한 「과학기술정보통신부 소관 과학기술분야 연구개발사업 처리규정」 개정방안 연구 한국연구재단 연구사업총괄팀에서 다음과 같이 정책연구과제를 재공모하오니, 연구자 여러분의 많은 참여 바랍니다. 2026년 8월 25일 한국연구재단 이사장 1. 공모대상 과제 □ 과제명: 국가연구개발사업 관련 법령 및 기준 정비를 위한 「과학기술정보통신부 소관 과학기술분야 연구개발사업 처리규정」 개정방안 연구 □ 연구비: 50백만원(간접비 및 부가가치세 포함) ※ 연구비는 간접비 및 부가가치세를 포함한 총 금액임. □ 연구기간: 2026.9 . ~ 2026. 12.(4개월) ※ 협약일로부터 4개월, 협약체결 일자에 따라 연구종료일 변경 가능 2. 신청자격 □ 대학(교)의 조교수 이상의 교원인 자 □ 정부출연연구기관의 선임급 이상의 연구원 □ 상기 자격기준에 준하는 자 또는 해당과제의 수행을 위한 역량을 갖춘 자로 이와 유관한 경험이 풍부한 자(관련 경력 5년 이상) □ 공고마감일 현재 관련 규정에 따라 국가연구개발사업에 참여제한을 받고 있지 않은 자 3. 신청절차 및 제출방법 □ 제출서류 - 소속기관의 신청 공문 1부(산학협력단장 또는 소속기관장 직인 필수) - 정책연구과제 신청서 및 연구계획서 각 1부([붙임 2] 참조) - 개인정보 및 과세정보의 제공·활용 동의서 1부([붙임 3] 참조) - 작성방법: 정책연구과제 제안요청서[붙임 1]와 연구비 산정·집행 기준표[붙임 4] 참조 후 신청서[붙임 2] 작성 ※ 날인이 없는 공문과 신청서는 무효로 처리함 ※ 전자우편 제출 시, 직인 등이 포함된 서류는 스캔하여 제출 □ 제출기한: 2026년 9월 3일(목) 18:00 까지 □ 제출방법: 전자공문 또는 전자우편(E-mail) 접수 - 전자우편으로 제출하는 경우 제출처 : redi@nrf.re.kr ※ 정부전자문서유통시스템 구축기관의 경우 전자공문으로 접수하고, 미구축기관의 경우 공문 스캔 후 전자우편으로 송부(전자우편 제출 시, 도착 여부 반드시 확인 바람.) ※ 연구책임자 소속기관장 또는 산학협력단장 명의의 공문을 제출하도록 하고, 날인이 없는 공문과 신청서는 무효로 처리함. 4. 선정방법 □ 선정절차: 재단 내·외부 전문가 포함 5인 내외의 평가위원회를 구성하여 평가 후 선정 □ 평가항목: 정책연구과제 연구계획서 심사표([붙임 5] 참조) □ 선정결과 통보 및 협약체결 : 선정된 연구책임자에게 평가결과 개별 통지 ※ 평가결과 적격과제가 없는 것으로 판단될 경우에는 선정하지 아니할 수 있음. ※ 선정과제에 대한 협약·해지 등 제반의 행정절차는 연구재단의 정책연구과제 관리지침을 따름 5. 기타사항 □ 연구기간 및 연구비는 평가결과 및 담당부서와의 협의에 따라 조정될 수 있음. □ 문의처 : 한국연구재단 연구사업총괄팀 홍지훈 연구원 (redi@nrf.re.kr, 042-869-7782) · 첨부파일 (공고문) 정책연구과제 재공모.hwpx 붙임 1. 정책연구과제 제안요청서(RFP).hwp 붙임 2. 정책연구과제 신청서 및 연구계획서 서식.hwpx 붙임 3. 개인정보 및 과세정보의 제공·활용 동의서.hwpx 붙임 4. 연구비 산정·집행기준표.hwpx 붙임 5. 정책연구과제 연구계획서 심사표.hwpx 붙임 6. 정책연구과제 관리지침.hwp · 문의처 담당부서 : 연구사업총괄팀 | 담당자 : 홍지훈 | 연락처 : 042-869-7782 ※ 자세한 내용은 첨부파일 참조 및 문의처로 문의하여 주시기 바랍니다. 목록 다음글 2026년도 가속기핵심기술개발사업 신규과제 공모 이전글 2027년도 한-일(JSPS) 협력사업(협력연구 및 공동세미나) 신규과제 공모",2026-09-15T12:02:52,2026-09-20T23:58:14
한국연구재단:274891,한국연구재단,2027년도 한-일(JSPS) 협력사업(협력연구 및 공동세미나) 신규과제 공모,,한국연구재단,국제협력사업 > NRF 특별협력사업 > 한중일 특별협력사업,,2026-06-09,,접수마감,2026-07-10,2026-09-03,0,,https://www.nrf.re.kr/biz/notice/view?ac=view&menuNo=362&postNo=274891&bizNo=213," 2027년도 한-일(JSPS) 협력사업 신규과제 공모 한-일 간 학술협력 활성화를 위해 2027년도 한-일 협력사업(협력연구 및 공동세미나)의 신규과제를 다음과 같이 공모하오니 많은 참여를 바랍니다. 2026년 6월 10일 한국연구재단 이사장 홍 원 화 공고 내용 및 신청서 양식 등 : 붙임 참조 < 유의사항 > ○ 본 사업은 한국연구재단의 기관고유사업으로서, 국가연구개발사업 내 연구과제 수 상한제도(3책5공 등)의 적용을 받지 않는 사업임. ○ 한-일 협력사업은 “한-일 협력연구”와 “한-일 공동세미나” 두 가지 중 택일하여 하나만 신청할 수 있음. ○ “한-일 공동세미나” 의 경우 개최지는 한국 혹은 일본 중 택일하여 1회만 개최 가능(양국이 합의된 내용의 세미나 1회를 개최하는 것임.) ○ 양국 공통으로 접수된 과제에 한해 평가를 실시하며, 공통 접수가 되지 않을 경우 평가대상에서 제외되므로 상대측 연구자에게 접수여부를 확인하여야 함. ○ 신청서 양식에 표기하는 지원분야는 공고문상의 4개 분야 중 택일하여야 하며, 일본 측 연구자와 반드시 일치하여야 함. ○ 연구제목(영문)은 상대국 연구자와 반드시 일치하여야 함. ○ 기타 유의사항은 공고문에서 확인 바람. <일본 JSPS측 공고 웹페이지> 일본어 : https://www.jsps.go.jp/j-bilat/semina/shinsei_bosyu.html 영어 : https://www.jsps.go.jp/english/e-bilat/call.html · 첨부파일 붙임1. 2027년도 한-일(JSPS) 협력사업 신규공모 공고문.hwp 붙임2. 신청서 양식(국,영문) 및 참고사항.zip [Call for Proposal] 2027 NRF-Japan Basic Scientific Cooperation Program.pdf · 문의처 담당부서 : 국제협력기반조성팀 | 담당자 : 신지혜 | 연락처 : 02-3460-5742 ※ 자세한 내용은 첨부파일 참조 및 문의처로 문의하여 주시기 바랍니다. 목록 다음글 [정책연구과제 재공모] 국가연구개발사업 관련 법령 및 기준 정비를 위한 「과학기술정보통신부 소관 과학기술분야 연구개발사업 처리규정」 개정방안 연구 이전글 「2026년 지방대학 특성화 선도대학 육성사업」 공고",2026-09-15T12:02:56,2026-09-20T23:58:14
한국연구재단:277988,한국연구재단,「2026년 지방대학 특성화 선도대학 육성사업」 공고,,한국연구재단,"교육·인력양성사업, 대학혁신지원사업",,2026-07-23,,접수마감,2026-07-16,2026-08-31,0,,https://www.nrf.re.kr/biz/notice/view?ac=view&menuNo=362&postNo=277988&bizNo=186," 안녕하세요, 한국연구재단 대학지원팀입니다. 2026 지방대학 특성화 선도대학 육성사업(FIRST) 선정 관련 교육부 공고를 아래와 같이 안내드리오니, 많은 관심과 신청 부탁드립니다. 교육부 공고 제2026-299호 「 2026 년 지방대학 특성화 선도대학 육성사업 」 공고 학령인구 감소와 AI 중심 산업구조 개편 등 고등교육 환경 변화에 대응하여 지속 가능한 경쟁력을 확보하고 지역 성장을 주도할 대학을 선정하여 지원하기 위한 「 지방대학 특성화 선도대학 육성사업 」 을 다음과 같이 공고합니다. 2026년 7월 16일 교육부장관 최 교 진 · 첨부파일 (공고문) 2026년 지방대학 특성화 선도대학 육성사업 공고.hwpx (붙임) 2026년 지방대학 특성화 선도대학 육성사업 기본계획.hwpx (서식1) 2026년 지방대학 특성화 선도대학 육성사업 사전신청서 서식.hwpx (서식2-1) 2026년 지방대학 특성화 선도대학 육성사업 사업계획서 서식(단독형).hwpx (서식2-2) 2026년 지방대학 특성화 선도대학 육성사업 사업계획서 서식(컨소시엄).hwpx (서식3) 개인정보 제공·활용 동의서 작성 서식.hwpx (서식4) 학과별 정원감축 계획 서식(OO대학교).xlsx · 문의처 담당부서 : 대학지원팀 | 담당자 : 전형록 | 연락처 : 042-869-6169 ※ 자세한 내용은 첨부파일 참조 및 문의처로 문의하여 주시기 바랍니다. 목록 다음글 2027년도 한-일(JSPS) 협력사업(협력연구 및 공동세미나) 신규과제 공모 이전글 2026년 국제공동연구 신속지원사업 신규과제 공모",2026-09-15T12:03:00,2026-09-20T23:58:14
한국연구재단:277103,한국연구재단,2026년 국제공동연구 신속지원사업 신규과제 공모,,한국연구재단,"국제화기반조성사업, 국가간협력기반조성사업",,2026-07-08,,접수마감,2026-07-08,2026-08-31,0,,https://www.nrf.re.kr/biz/notice/view?ac=view&menuNo=362&postNo=277103&bizNo=52," 과학기술정보통신부 공고–제2026-0758호 2026년도 국제공동연구 신속지원사업(미국 제네시스 미션과의 협력을 위한 탐색연구) 신규과제 공모 과학기술정보통신부에서 추진하는「국제공동연구 신속지원사업(미국 제네시스 미션과의 협력을 위한 탐색연구)」의 신규 과제를 다음과 같이 공모하오니 관심 있는 분들의 많은 신청 바랍니다. 2026년 7월 8일 <주무부처> 부총리 및 과학기술정보통신부 장 관 배 경 훈 <전문기관> 한국연구재단 이사장 홍 원 화 · 첨부파일 붙임1.2026년도 국제공동연구 신속지원사업 신규과제 공모 공고문 (1).hwpx 2026년 신속지원 제출서류양식.zip DOE(The Genesis Mission-Transforming Science and Energy with AI).pdf · 문의처 담당부서 : 미주아시아협력팀 | 담당자 : 윤지원 | 연락처 : 0234605703 담당부서 : 미주아시아협력팀 | 담당자 : 홍연희 | 연락처 : 0234605705 ※ 자세한 내용은 첨부파일 참조 및 문의처로 문의하여 주시기 바랍니다. 목록 다음글 「2026년 지방대학 특성화 선도대학 육성사업」 공고 이전글 2026년 World Friends Korea 과학기술지원단(Techno Peace Corps, TPC) 2차 모집 공고",2026-09-15T12:03:12,2026-09-20T23:58:27
한국연구재단:279460,한국연구재단,"2026년 World Friends Korea 과학기술지원단(Techno Peace Corps, TPC) 2차 모집 공고",,한국연구재단,국제협력사업 > 과학기술 ODA > WFK과학기술지원단(TPC)파견사업,,2026-08-14,,접수마감,2026-08-14,2026-08-28,0,,https://www.nrf.re.kr/biz/notice/view?ac=view&menuNo=362&postNo=279460&bizNo=264," <202 6 년 2차 World Friends Korea 과학기술지원단(Techno Peace Corps, TPC) 모집 공고> 한국연구재단(National Research Foundation of Korea)은 우수 과학기술 인재를 개도국 대학 및 연구기관에 파견함으로써 우리나라 과학기술 발전 경험과 노하우를 공유하고 이를 통해 과학기술 외교력과 국제적 리더십을 제고하고자 「WFK(World Friends Korea)-과학기술지원단(Techno Peace Corps) 파견 단원」을 다음과 같이 모집하오니 참여를 희망하는 분들의 많은 지원 바랍니다. 202 6 년 8월 14 일 한국연구재단 이사장 홍원화 □ 필독사항 ㅇ 202 6 년 2차 WFK-과학기술지원단은 연령제한이 없으며, 기저질환이 없고, 정부와 파견국의 출입국관리기준 및 해외감염병예방수칙 등에 부합하는 자에 한해 지원이 가능합니다. ※ 질병관리청 코로나19 예방접종 기준에 따라 65세 이상 연장자 및 12~64세 면역저하자·감염취약시설 구성원에 대한 코로나19 백신 접종을 권고하며, 파견 국가별 출국 요건에 따라 추후 코로나19 백신 접종이 필수 요구될 수 있습니다. ㅇ WFK 과학기술지원단은 KOICA 자문단과 중복지원이 불가하며, WFK 통합으로 활동할 수 있는 기간은 최대 3년입니다. ※ 과거 WFK 과학기술지원단, KOICA 자문단, NIPA 자문단으로 활동한 기간이 총 2년을 초과한 경우 신규 파견이 불가합니다. 1. 공고 및 지원신청서 접수 ㅇ 접수 기간 : 2026.8.14.(금) ~ 2026.8.28.(금) 18:00 ㅇ 접수 방법 : 이메일 접수( tpcadmin@nrf.re.kr ) ※ 제출 서류를 모두 구비하여 접수기간 내 이메일 제출 ※ 고유식별정보가 담긴 파일 제출 시, 생년월일 이외 정보는 모두 가림처리하여 제출 요망 2. 모집 개요 ㅇ 파견 수요: 총 6 개국 7 개 기관 7 명 ㅇ 파견 기간: 1년(WFK 중장기사업(WFK 과학기술지원단, KOICA자문단, NIPA자문단) 통합 활동기간 최대 3년) ㅇ 선발 인원: 7 명(신규 단원) ㅇ 파견 분야: 과학기술 ※ 모집 관련 세부내용(자격요건, 선발 절차 및 일정, 국가별 세부 활동분야, 제출서류 등)은 첨부파일 참고 ※ 파견수요 세부내역(붙임2) 내 각 수요별 직무기술서에 기재된 내용 외 추가 확인사항 등이 일부 포함되어 있으므로 엑셀 자료 필수 확인 요망 3. 2026년 하반기 WFK 통합 모집설명회 안내 ㅇ 일시 : 2026.8.19.(수), 14:00~15:00 ㅇ 방법 : 'WFK KOICA 해외봉사단' 유튜브 채널을 통한 온라인 진행 - 참석링크 : https://www.youtube.com/@WFKvideo ㅇ 기타사항 - 원활한 설명회 진행을 위해 사업별 모집선발 관련 질문을 사전에 접수받고 있습니다. - 사전질의 접수 링크 : https://forms.gle/C6aHUF8Btt4jz9f28 4. 문의처 ㅇ 한국연구재단 국제개발협력팀 정유림 연구원 (☎ 02-3460-5762) ㅇ 한국연구재단 국제개발협력팀 조희원 연구원 (☎ 02-3460-5763) ㅇ 이메일 문의: tpcadmin@nrf.re.kr · 첨부파일 붙임1. 2026년 2차 WFK 과학기술지원단 파견사업 모집 공고.hwp 붙임2. 2026년 2차 WFK 과학기술지원단 파견사업 파견수요 세부내역 및 직무기술서.zip 붙임3. 2026년 2차 WFK 과학기술지원단 파견사업 신청서류 양식.zip (통합 모집설명회 안내) 2026년 2차 WFK 자문단 및 과학기술지원단 통합 모집설명회.jpg · 문의처 담당부서 : 국제개발협력팀 | 담당자 : 정유림 | 연락처 : 02-3460-5762 담당부서 : 국제개발협력팀 | 담당자 : 조희원 | 연락처 : 02-3460-5763 ※ 자세한 내용은 첨부파일 참조 및 문의처로 문의하여 주시기 바랍니다. 목록 다음글 2026년 국제공동연구 신속지원사업 신규과제 공모 이전글 2026년 NCP 활동지원사업 신규과제 2차 공모",2026-09-15T12:03:16,2026-09-20T23:58:27
한국연구재단:278061,한국연구재단,2026년 NCP 활동지원사업 신규과제 2차 공모,과학기술정보통신부,한국연구재단,"국제협력사업, 국가간협력기반조성사업, 호라이즌 유럽",,2026-07-24,,접수마감,2026-07-31,2026-08-26,0,,https://www.nrf.re.kr/biz/notice/view?ac=view&menuNo=362&postNo=278061&bizNo=116," 과학기술정보통신부 공고 제2026-0817호 2026년도 NCP 활동지원사업 신규과제 2차 공모 과학기술정보통신부에서 「2026년도 NCP 활동지원사업」의 신규과제를 다음과 같이 2차 공모하오니 관심 있는 연구자의 많은 참여 바랍니다. 2026년 7월 24일 <주무부처> 부총리 겸 과학기술정보통신부 장 관 배 경 훈 <전문기관> 한국연구재단 이사장 홍 원 화 · 첨부파일 붙임1. 2026년도 NCP 활동지원사업 신규과제 2차 공모 공고문.hwpx 붙임2. 2026년도 NCP 활동지원사업 제출서류 양식.zip 참고1. IRIS 이용 관련 매뉴얼 별첨자료.zip 참고2. NCP systems_Minimum standards and Guiding principles_Horizon Europe.pdf · 문의처 담당부서 : 호라이즌유럽다자협력팀 | 담당자 : 김형주 | 연락처 : 02-3460-5731 ※ 자세한 내용은 첨부파일 참조 및 문의처로 문의하여 주시기 바랍니다. 목록 다음글 2026년 World Friends Korea 과학기술지원단(Techno Peace Corps, TPC) 2차 모집 공고 이전글 2026년 한-캐나다 이공계 대학원생 연수프로그램 공모",2026-09-15T12:03:20,2026-09-20T23:58:27
한국연구재단:275907,한국연구재단,2026년 한-캐나다 이공계 대학원생 연수프로그램 공모,과학기술정보통신부,한국연구재단,"국제화기반조성사업, 국가간협력기반조성사업",,2026-06-22,,접수마감,2026-06-22,2026-08-20,0,,https://www.nrf.re.kr/biz/notice/view?ac=view&menuNo=362&postNo=275907&bizNo=52, 과학기술정보통신부 공고 제2026-0696호 2026년 한-캐나다 이공계 대학원생 연수프로그램 공모 과학기술정보통신부에서는 한-캐나다 양국 간 인력교류 사업을 통해 신진 연구자들의 연구 활동을 증진하기 위하여「한-캐나다 이공계 대학원생 연수 프로그램」을 다음과 같이 공모하오니 관심 있는 분들의 많은 참여 바랍니다. 2026년 6월 22일 <주무부처> 부총리 겸 과학기술정보통신부 장 관 배 경 훈 <전문기관> 한국연구재단 이사장 홍 원 화 · 첨부파일 2026년 한-캐나다 이공계 대학원생 연수프로그램 공고문.pdf 붙임2.제출서류양식.zip · 문의처 담당부서 : 미주아시아협력팀 | 담당자 : 윤지원 | 연락처 : 02-3460-5703 담당부서 : 미주아시앙협력팀 | 담당자 : 홍연희 | 연락처 : 02-3460-5705 ※ 자세한 내용은 첨부파일 참조 및 문의처로 문의하여 주시기 바랍니다. 목록 다음글 2026년 NCP 활동지원사업 신규과제 2차 공모 이전글 2026년도 한-캐나다 양자과학기술 공동연구 프로그램 사전공고,2026-09-15T12:03:23,2026-09-20T23:58:27
한국연구재단:277803,한국연구재단,2026년도 한-캐나다 양자과학기술 공동연구 프로그램 사전공고,,한국연구재단,과학기술인력양성 > 창의적 인재육성 > 과학기술혁신인재양성(양자정보과학 인적기반 조성),,2026-07-20,,접수마감,2026-07-20,2026-08-19,0,,https://www.nrf.re.kr/biz/notice/view?ac=view&menuNo=362&postNo=277803&bizNo=527," 한국연구재단은 2026년 한-캐나다 양자과학기술 공동연구 프로그램 관련 국내 연구자들의 사업 이해도와 참여를 촉진하기 위하여 다음과 같이 사전공고를 실시하오니, 관심 있는 연구자분들의 많은 참여 바랍니다. 2026년 7월 20일 1. 사업목적 ㅇ 한-캐나다 공동연구 사업을 추진하여 양국 간 과학기술 협력발전 도모 ※ 한국측 연구지원전문기관은 한국연구재단이며, 캐나다측 연구지원전문기관은 캐나다 자연과학 및 공학연구위원회(NSERC, The Natural Sciences and Engineering Research Council of Canada)이 담당함. ㅇ 양국 협력을 통해 시너지 효과가 기대되는 분야 중심으로 공동연구 지원 2. 사업내용 ㅇ 사업형태: 한국연구재단과 NSERC이 공동으로 각국의 연구진을 지원하는 양자지원(Bilateral funding) 방식의 공동연구 ㅇ 지원분야 - Quantum algorithms/encryption, including post-quantum cryptography - Quantum communications - Quantum computing - Quantum materials - Quantum sensing ㅇ 지원기간 : 3년 (2026.12.01.~2029.11.30.) ㅇ 지원규모 : (한국측) 과제당 최대 연 300백만원 / 4개 과제 내외 ※ 상기 지원규모는 한국측 지원예산으로, 캐나다측 예산이 별도로 지원될 예정이며, 추진 상황에 따라 본 공고 시 달라질 수 있음. ㅇ 지원내용 : 연구개발비 및 협력네트워크 구축을 위한 활동 경비 등 ※ 세부사항은 [붙임] 참조 ※ 상기 사전공고 내용과 일정은 정부 예산 상황 및 캐나다와의 협의 등 추진상황에 따라 본 공고 시 달라질 수 있음. < 2026.07.21. 추가안내사항 > 본 프로그램은 ""양자정보과학 인적기반조성""사업의 일환으로 진행되며, 동일 내내역사업(리더급연구역량강화)에서 주관연구책임자로 기존에 수행 중인 경우 본 공고 신청 불가 · 첨부파일 2026년 한-캐나다 양자과학기술 공동연구지원사업 사전공고문.hwpx 2026년 한-캐나다 양자과학기술 공동연구지원사업 사전공고문.pdf · 문의처 담당부서 : 양자기술단 | 담당자 : 임혜린 | 연락처 : 042-869-7837 담당부서 : 양자기술단 | 담당자 : 이바다 | 연락처 : 042-869-7833 ※ 자세한 내용은 첨부파일 참조 및 문의처로 문의하여 주시기 바랍니다. 목록 다음글 2026년 한-캐나다 이공계 대학원생 연수프로그램 공모 이전글 2026년 대한민국 젊은과학자상 선정계획 공고",2026-09-15T12:03:28,2026-09-20T23:58:27
한국연구재단:277774,한국연구재단,2026년 대한민국 젊은과학자상 선정계획 공고,과학기술정보통신부,한국연구재단,교육·인력양성사업 > 우수과학자포상,,2026-07-20,,접수마감,2026-07-20,2026-08-19,0,,https://www.nrf.re.kr/biz/notice/view?ac=view&menuNo=362&postNo=277774&bizNo=245, 과학기술정보통신부 공고 제 2026 – 0800 호 2026 년 대한민국 젊은과학자상 선정계획 공고 과학기술정보통신부와 한국연구재단이 추진하는 2026년「대한민국 젊은과학자상｣ 선정계획을 아래와 같이 공고하오니 우리나라 과학기술발전에 현저한 공적이 있는 자를 널리 추천하여 주시기 바랍니다. 2026년 7월 20일 <주무부처> 부총리 겸 과학기술정보통신부 장관 배경훈 <전문기관> 한국연구재단 이사장 홍원화 · 첨부파일 붙임1. 2026년 대한민국 젊은과학자상 선정계획 공고.hwpx 붙임2. 평가세부학문분야.xlsx · 문의처 담당부서 : 성과확산혁신팀 | 담당자 : 이선미 | 연락처 : 042-869-6691 ※ 자세한 내용은 첨부파일 참조 및 문의처로 문의하여 주시기 바랍니다. 목록 다음글 2026년도 한-캐나다 양자과학기술 공동연구 프로그램 사전공고 이전글 2026년 하반기 원자력정책연구사업 2차 공고,2026-09-15T12:03:31,2026-09-20T23:58:27
한국연구재단:278569,한국연구재단,2026년 하반기 원자력정책연구사업 2차 공고,과학기술정보통신부,한국연구재단,"원자력연구개발사업, 원자력진흥",,2026-08-03,,접수마감,2026-08-03,2026-08-14,0,,https://www.nrf.re.kr/biz/notice/view?ac=view&menuNo=362&postNo=278569&bizNo=691, 과학기술정보통신부 공고 제2026–0859호 2026 년도 하반기 원자력정책연구사업 2 차 공고 과학기술정보통신부는 국가원자력정책 개발과 제도개선 등에 활용하고자 원자력 정책연구사업을 추진하고 있습니다. 이와 관련하여 2026년도 하반기 원자력정책연구사업으로 다음 과제를 공모하오니 신청하여 주시기 바랍니다. 2026년 8월 3일 <주무부처> 부총리 겸 과학기술정보통신부 장관 배 경 훈 <전문기관> 한국연구재단 이사장 홍 원 화 · 첨부파일 [공고문] 2026년도 하반기 원자력정책연구사업 2차 공고.hwp 붙임1. 2026년도 하반기 원자력정책연구사업 과제제안서(2차).hwpx 붙임2. 연구개발계획서 양식.zip · 문의처 문의분야 : 원자력 | 담당부서 : 원자력단 | 담당자 : 박태진 | 연락처 : 042-869-7819 ※ 자세한 내용은 첨부파일 참조 및 문의처로 문의하여 주시기 바랍니다. 목록 다음글 2026년 대한민국 젊은과학자상 선정계획 공고 이전글 2026년도 바이오·의료기술개발사업(바이오혁신기반조성) 첨단바이오 연구교류 프로그램 3차 공고,2026-09-15T12:03:35,2026-09-20T23:58:27
한국연구재단:277582,한국연구재단,2026년도 바이오·의료기술개발사업(바이오혁신기반조성) 첨단바이오 연구교류 프로그램 3차 공고,,한국연구재단,"바이오·의료기술개발사업, 미래유망원천기술개발, 바이오·의료기술개발사업",,2026-07-15,,접수마감,2026-07-13,2026-08-12,0,,https://www.nrf.re.kr/biz/notice/view?ac=view&menuNo=362&postNo=277582&bizNo=663," 과학기술정보통신부가 지원하는 바이오·의료기술개발사업(바이오혁신기반조성) 첨단바이오 기술·인력 교류 지원사업(RFP A9-24-1-05)의 주관기관으로 선정된 KOBRA 첨단바이오 연구협력센터 (KOBRA, Korea Bio Research Association)에서는 첨단바이오 분야의 글로벌 수준의 연구경쟁력을 갖추기 위하여 국제연구교류 프로그램을 다음과 같이 공고하오니, 프로그램을 수행하고자 하시는 해당 분야 연구자께서는 신청하여 주시기 바랍니다. 2026년 7월 13일 KOBRA 첨단바이오 연구협력센터장 우현구 ※ 문의 및 연락처 KOBRA 첨단바이오 연구협력센터 사무국 주소 : (16400) 경기도 수원시 영통구 월드컵로 164, 아주대학교 홍재관 501호 홈페이지: http://kobra.kr 이메일 : admin@kobra.kr , 전화 : 031-219-7871 · 첨부파일 KOBRA 2026년 바이오·의료기술개발사업_첨단바이오 연구교류 프로그램 3차 공고.hwp KOBRA-TA 프로그램 신청서 양식.hwp · 문의처 담당부서 : 차세대바이오단 | 담당자 : 이선일 | 연락처 : 042-869-7822 ※ 자세한 내용은 첨부파일 참조 및 문의처로 문의하여 주시기 바랍니다. 목록 다음글 2026년 하반기 원자력정책연구사업 2차 공고 이전글 2027년 제18차 일본 HOPE Meeting 참가자 모집 공모",2026-09-15T12:03:39,2026-09-20T23:58:27
한국연구재단:277137,한국연구재단,2027년 제18차 일본 HOPE Meeting 참가자 모집 공모,,한국연구재단,국제협력사업 > NRF 특별협력사업 > 한중일 특별협력사업,,2026-07-09,,접수마감,2026-07-28,2026-08-12,0,,https://www.nrf.re.kr/biz/notice/view?ac=view&menuNo=362&postNo=277137&bizNo=213," <2027년 제18차 일본 HOPE Meeting 참가자 모집> 한국연구재단에서는 일본학술진흥회(Japan Society for the Promotion of Science, JSPS)가 주최하는 “제18차 HOPE Meeting”의 한국 측 참가자를 다음과 같이 모집하니 관심 있는 신진 과학도 여러분의 많은 신청을 바랍니다. 2026년 7월 10일 한국연구재단 이사장 홍 원 화 붙임1. 2027년 제18차 일본 HOPE Meeting 참가자 모집 공고문 1부 붙임2. 2027년 제18차 일본 HOPE Meeting 신청서 양식 각1부. 끝. · 첨부파일 1. 2027년 제18차 일본 HOPE Meeting 참가자 모집 공고문.hwp 2. 2027년 제18차 일본 HOPE Meeting 신청서 양식.zip · 문의처 담당부서 : 국제협력기반조성팀 | 담당자 : 신지혜 | 연락처 : 02-3460-5742 ※ 자세한 내용은 첨부파일 참조 및 문의처로 문의하여 주시기 바랍니다. 목록 다음글 2026년도 바이오·의료기술개발사업(바이오혁신기반조성) 첨단바이오 연구교류 프로그램 3차 공고 이전글 2026년도 3차 국민생활안전 긴급대응연구(2단계) 기술개발 및 실증 신규과제 공모",2026-09-15T12:03:43,2026-09-20T23:58:27
한국연구재단:277308,한국연구재단,2026년도 3차 국민생활안전 긴급대응연구(2단계) 기술개발 및 실증 신규과제 공모,행정안전부,한국연구재단,사회문제해결 > 종료사업 > 국민생활안전긴급대응연구(2단계)(통합이관),,2026-07-10,,접수마감,2026-07-27,2026-08-10,0,,https://www.nrf.re.kr/biz/notice/view?ac=view&menuNo=362&postNo=277308&bizNo=650," 과학기술정보통신부 공고 제2026 – 781호 행정안전부 공고 제2026 – 892호 2026년도 3차 국민생활안전 긴급대응연구(2단계) 기술개발 및 실증 신규과제 공모 과학기술정보통신부와 행정안전부에서 추진하는「2026년 3차 국민생활안전 긴급대응연구(2단계) 기술개발 및 실증」의 신규과제를 아래와 같이 공모하오니 관심 있는 연구자들의 많은 참여 바랍니다. 2026년 7월 10일 <주무부처> 부총리겸 과학기술정보통신부 장 관 배 경 훈 <주무부처> 행정안전부 장 관 윤 호 중 <전문기관> 한국연구재단 이사장 홍 원 화 · 첨부파일 붙임1 2026년 3차 국민생활안전 긴급대응연구(2단계) 기술개발 및 실증 신규과제 과제제안요구서(RFP).zip [공고문] 2026년 3차 국민생활안전 긴급대응연구(2단계) 기술개발 및 실증 신규과제 공고문.pdf 붙임2 연구개발계획서(양식).zip 붙임3 별첨자료 양식.hwp 붙임4 (참고자료) IRIS 매뉴얼, TRL 기준 등.zip · 문의처 담당부서 : 공공기술단 | 담당자 : 최효석 | 연락처 : 042-869-7795 ※ 자세한 내용은 첨부파일 참조 및 문의처로 문의하여 주시기 바랍니다. 목록 다음글 2027년 제18차 일본 HOPE Meeting 참가자 모집 공모 이전글 2026년도 한중핵심공동연구사업(Key Joint Research Program) 신규과제 공모",2026-09-15T12:03:46,2026-09-20T23:58:27
한국연구재단:276471,한국연구재단,2026년도 한중핵심공동연구사업(Key Joint Research Program) 신규과제 공모,,한국연구재단,국제협력사업 > NRF 특별협력사업 > 한중일 특별협력사업,,2026-06-29,,접수마감,2026-07-01,2026-08-10,0,,https://www.nrf.re.kr/biz/notice/view?ac=view&menuNo=362&postNo=276471&bizNo=213," < 2026년도 한중핵심공동연구사업(Key Joint Research Program) 신규과제 공모 > 한-중 간 학술협력 활성화를 위해 2026년 한중핵심공동연구사업(Key Joint Research Program) 신규과제를 다음과 같이 공모하니 관심 있는 연구자들의 많은 참여를 바랍니다. 2026년 6월 29일 한국연구재단 이사장 홍 원 화 < 사업개요 > ㅇ 협력기관 : 중국국가자연과학기금위원회(National Natural Science Foundation of China, NSFC) ㅇ 지원대상 : NRF 및 NSFC가 공동으로 승인하는 과제 ㅇ 지원유형/기간 : 공동연구/3년 ㅇ 지원분야(주제, ’26) : Target Discovery and Drug Development for Aging-Related Diseases ※ 지원분야(지정주제) 설명(공고문 하단 참조) ㅇ 지원 규모 : 2~3과제, 과제당 연간 60백만 원 이내(간접비 포함), 3년 ※ 간접비 : 직접비의 최대 5% 이내에서 주관연구기관과 협의하여 계상 ※ 중국 측 연구자는 중국 측 지원기관(NSFC)에서 이에 상응하는 금액을 지원 받음. ※ 보다 상세한 내용은 붙임 문서를 확인하시기 바람. 붙임 1. 2026년도 한중핵심공동연구사업 신규공모 공고문 1부. 2-1. 한중핵심공동연구사업 연구계획서 양식(국문) 1부. 2-2. Korea-China Key Joint Research Program Proposal Template 1부. 2-3. 개인정보 제공 및 활용 동의서 양식 1부. 2-4. 개인정보 및 과세정보 제공․활용 동의서, 제3자 제공 동의서 1부. 3. 한중핵심공동연구사업 연구비 비목별 계상 및 집행기준 1부. 끝. · 첨부파일 3. 한중핵심공동연구사업 연구비 비목별 계상 및 집행기준.pdf 1. 2026년도 한중핵심공동연구사업 신규공모 공고문.pdf 2. (국․영문)연구계획서 등 필수 제출서류 양식.zip · 문의처 문의분야 : 사업관련 | 담당부서 : 국제협력기반조성팀 | 담당자 : 조은혜 | 연락처 : 02-3460-5745 ※ 자세한 내용은 첨부파일 참조 및 문의처로 문의하여 주시기 바랍니다. 목록 다음글 2026년도 3차 국민생활안전 긴급대응연구(2단계) 기술개발 및 실증 신규과제 공모 이전글 2026년도 제3차 과학기술분야 연구기획과제 공모",2026-09-15T12:03:56,2026-09-20T23:58:35
한국연구재단:278098,한국연구재단,2026년도 제3차 과학기술분야 연구기획과제 공모,,한국연구재단,과학기술분야 연구기획과제,,2026-07-24,,접수마감,2026-07-24,2026-08-06,0,,https://www.nrf.re.kr/biz/notice/view?ac=view&menuNo=362&postNo=278098&bizNo=551," · 첨부파일 [붙임1] 연구기획과제 제안서(RFP)_공고.pdf [붙임3] 개인정보 제공 및 활용 동의서.hwp [붙임2] 연구개발계획서 서식.zip [붙임4] 국가연구개발사업 연구개발비 사용용도(26.05.06).pdf [붙임5] 국가연구개발사업 연구개발비 사용기준(26.05.06).pdf [붙임6] 과학기술분야 연구기획과제 운영관리지침(23.1.20).pdf [붙임7] IRIS 관련 매뉴얼.zip [공고문] 2026년도 제3차 과학기술분야 연구기획과제 공모(과학기술정보통신부 공고 2026-0824).hwpx [참고] 2026년 제3차 과기분야 연구기획과제별 문의처.hwp · 문의처 문의분야 : 기초원천1~5 | 담당부서 : AI·정책기획팀 | 담당자 : 오서현 | 연락처 : 042-869-6419 문의분야 : 기초원천6 | 담당부서 : 양자기술단 | 담당자 : 이상옥 | 연락처 : 042-869-7831 문의분야 : 기초원천7 | 담당부서 : 정보ㆍ융합기술단 | 담당자 : 엄정하 | 연락처 : 042-869-7738 문의분야 : 기초원천8 | 담당부서 : 정보ㆍ융합기술단 | 담당자 : 강연범 | 연락처 : 042-869-7736 문의분야 : 미래전략1, 미래전략3 | 담당부서 : 차세대바이오단 | 담당자 : 이희경 | 연락처 : 042-869-7821 문의분야 : 미래전략2 | 담당부서 : 신약단 | 담당자 : 장희웅 | 연락처 : 042-869-7771 문의분야 : 미래전략4 | 담당부서 : 거대인프라ㆍ방사선단 | 담당자 : 이향진 | 연락처 : 042-869-7806 문의분야 : 연구혁신1 | 담당부서 : 성과확산혁신팀 | 담당자 : 승태진 | 연락처 : 042-869-6692 문의분야 : 미래인재1 | 담당부서 : 국제협력기반조성팀 | 담당자 : 한소정 | 연락처 : 02-3460-5744 문의분야 : 국제협력1 | 담당부서 : 미주아시아협력팀 | 담당자 : 박성빈 | 연락처 : 02-3460-5702 ※ 자세한 내용은 첨부파일 참조 및 문의처로 문의하여 주시기 바랍니다. 목록 다음글 2026년도 한중핵심공동연구사업(Key Joint Research Program) 신규과제 공모 이전글 2026년도 휴먼프론티어과학프로그램(HFSP) 협력사업(사전지원) 신규과제 공모",2026-09-15T12:04:00,2026-09-20T23:58:35
한국연구재단:276575,한국연구재단,2026년도 휴먼프론티어과학프로그램(HFSP) 협력사업(사전지원) 신규과제 공모,과학기술정보통신부,한국연구재단,국제협력사업 > 국제화기반조성사업 > 국가간협력기반조성사업,,2026-06-30,,접수마감,2026-06-30,2026-07-31,0,,https://www.nrf.re.kr/biz/notice/view?ac=view&menuNo=362&postNo=276575&bizNo=294," 과학기술정보통신부 공고 제2026-0737호 <2026년도 휴먼프론티어과학프로그램(HFSP) 협력사업(사전지원) 신규과제 공모> 과학기술정보통신부에서는 2026년도「휴먼프론티어과학프로그램(HFSP) 협력사업(사전지원)」 신규과제 공모계획을 아래와 같이 공고하오니 관심있는 분들의 많은 신청 바랍니다. 2026년 6월 30일 <주무부처> 부총리 겸 과학기술정보통신부 장관 배 경 훈 <전문기관> 한국연구재단 이사장 홍 원 화 ※ 본 공고는 한국과학기술기획평가원(KISTEP)이 운영하는 IRIS(https://www.iris.go.kr)를 통해 과제신청, 평가 및 관리업무를 진행합니다. IRIS를 통한 과제신청을 위해 접수 전 필수 이행사항이 있으니 과제 신청에 문제가 없도록 사전에 준비하여 주시기 바랍니다. · 첨부파일 [붙임1] 2026년 휴먼프론티어과학프로그램(HFSP) 협력사업(사전지원) 신규과제 공고문.hwpx [붙임2] 제출서류 양식 .zip · 문의처 담당부서 : 호라이즌유럽다자협력팀 | 담당자 : 이태성 | 연락처 : 0234605733 ※ 자세한 내용은 첨부파일 참조 및 문의처로 문의하여 주시기 바랍니다. 목록 다음글 2026년도 제3차 과학기술분야 연구기획과제 공모 이전글 2026년도 한-체코 공동연구사업 신규과제 공모",2026-09-15T12:04:03,2026-09-20T23:58:35
한국연구재단:275586,한국연구재단,2026년도 한-체코 공동연구사업 신규과제 공모,과학기술정보통신부,한국연구재단,국제협력사업 > 국제화기반조성사업 > 국가간협력기반조성사업,,2026-06-17,,접수마감,2026-06-17,2026-07-30,0,,https://www.nrf.re.kr/biz/notice/view?ac=view&menuNo=362&postNo=275586&bizNo=294," 과학기술정보통신부 공고 제2026-0692호 2026년도 한-체코 공동연구사업 신규과제 공모 「2026년도 한-체코 공동연구사업」의 신규과제를 다음과 같이 공모하오니 연구자분들의 많은 관심과 참여 바랍니다. 2026년 6월 17일 <주무부처> 부총리 겸 과학기술정보통신부 장 관 배 경 훈 <전문기관> 한국연구재단 이사장 홍 원 화 ※ 해당 사업은 기존 한국연구재단의 e-R&D를 대체하여 한국과학기술기획평가원(KISTEP)이 운영하는 IRIS*(https://www.iris.go.kr)를 통해 과제신청, 평가 및 관리 업무를 진행합니다. * IRIS(Integrated R&D Information System): 각 부처 및 전문기관별로 운영하고 있던 시스템을 하나로 통합한 범부처통합연구지원시스템 ※ (6.18. 추가 게시) 체코 측 공고 : https://msmt.gov.cz/vyzkum-a-vyvoj-2/vyhlaseni-verejne-souteze-v-programu-inter-excellence-ii-18 · 첨부파일 붙임1. 2026년도 한-체코 공동연구사업 신규과제 공모 공고문.pdf 붙임2. 제출서류 양식.zip 붙임3. (영문) 2026년도 한-체코 공동연구사업 신규과제 공모 공고문.pdf 붙임4. 2026년도 한-체코 공동연구사업 신규과제 신청 FAQ_최종.pdf 붙임5. IRIS 이용 관련 매뉴얼 별첨자료.zip · 문의처 문의분야 : 사업 관련 문의 | 담당부서 : 구주아프리카협력팀 | 담당자 : 양세형 | 연락처 : 02-3460-5724 ※ 자세한 내용은 첨부파일 참조 및 문의처로 문의하여 주시기 바랍니다. 목록 다음글 2026년도 휴먼프론티어과학프로그램(HFSP) 협력사업(사전지원) 신규과제 공모 이전글 2026년도 방사선이용 기술개발사업 (방사선 기반 소재·장비 기술 혁신화) 신규과제 재공모",2026-09-15T12:04:07,2026-09-20T23:58:35
한국연구재단:277540,한국연구재단,2026년도 방사선이용 기술개발사업 (방사선 기반 소재·장비 기술 혁신화) 신규과제 재공모,과학기술정보통신부,한국연구재단,원자력진흥 > 방사선이용기술개발사업 > 방사선이용기술개발사업,,2026-07-15,,접수마감,2026-07-15,2026-07-27,0,,https://www.nrf.re.kr/biz/notice/view?ac=view&menuNo=362&postNo=277540&bizNo=767, 과학기술정보통신부 공고 제2026 – 0797호 2026년도 방사선이용 기술개발사업(방사선 기반 소재·장비 기술 혁신화) 신규과제 재공모 과학기술정보통신부가 추진하는「방사선이용 기술개발사업(방사선 기반 소재·장비 기술 혁신화)의 신규과제를 아래와 같이 공모하오니 관심 있는 연구자들의 많은 참여 바랍니다. 2026년 7월 15일 <주무부처> 부총리 겸 과학기술정보통신부 장관 배 경 훈 <전문기관> 한국연구재단 이사장 홍 원 화 · 첨부파일 (재공모) 2026년도 방사선 기반 소재·장비 기술 혁신화 신규과제.hwpx 붙임1. 과제제안요구서(RFP).hwp 붙임2. 연구개발계획서 양식.zip 붙임3. 별첨자료 양식.hwp 붙임4. 신규과제 신청 FAQ.pdf · 문의처 담당부서 : 거대인프라·방사선단 | 담당자 : 박승찬 | 연락처 : 042-869-7808 ※ 자세한 내용은 첨부파일 참조 및 문의처로 문의하여 주시기 바랍니다. 목록 다음글 2026년도 한-체코 공동연구사업 신규과제 공모 이전글 2026년도 「양자정보과학 인적기반조성사업」리더급 연구역량강화(전략기술형) 신규과제 재공모,2026-09-15T12:04:11,2026-09-20T23:58:35
한국연구재단:277145,한국연구재단,2026년도 「양자정보과학 인적기반조성사업」리더급 연구역량강화(전략기술형) 신규과제 재공모,,한국연구재단,과학기술인력양성 > 창의적 인재육성 > 과학기술혁신인재양성(양자정보과학 인적기반 조성),,2026-07-09,,접수마감,2026-07-08,2026-07-27,0,,https://www.nrf.re.kr/biz/notice/view?ac=view&menuNo=362&postNo=277145&bizNo=527," 과학기술정보통신부 공고 제 2026 – 0766호 2026 년도 「양자정보과학 인적기반조성사업」 리더급 연구역량강화 ( 전략기술형 ) 신규과제 재공모 ※ 26.07.13 수정 10P·16P 접수마감일 연장(7.20→7.27), 7P 중복신청 제한 문구 삭제, 5P 재공모 유의사항 수정 과학기술정보통신부에서는 양자정보과학 선도국과의 국제공동연구를 통한 과학 기술 경쟁력 강화를 위해 전략기술형 2026 년도 신규과제를 다음과 같이 재공모하오 니 연구자분들의 많은 관심과 참여 바랍니다 . 2026 년 7 월 8 일 < 주무부처 > 과학기술정보통신부 장관 배 경 훈 < 전문기관 > 한국연구재단 이사장 홍 원 화 · 첨부파일 (붙임1) 2026년도 양자인적기반조성(리더급연구역량강화(전략기술형))사업 신규과제 RFP(안)_최종.hwpx (붙임2) 별첨자료 서식.hwp (붙임3) IRIS관련 매뉴얼.zip (붙임4) 연구개발계획서 양식.zip 2026년도 양자정보과학 인적기반조성사업 리더급연구역량강화(전략기술형) 신규과제 재공고.hwpx · 문의처 담당부서 : 양자기술단 | 담당자 : 임혜린 | 연락처 : 042-869-7837 ※ 자세한 내용은 첨부파일 참조 및 문의처로 문의하여 주시기 바랍니다. 목록 다음글 2026년도 방사선이용 기술개발사업 (방사선 기반 소재·장비 기술 혁신화) 신규과제 재공모 이전글 2026년도 지역성장 인재양성체계(앵커) 5극 3특 공유대학 사업계획서 접수 안내",2026-09-15T12:04:16,2026-09-20T23:58:35
한국연구재단:276095,한국연구재단,2026년도 지역성장 인재양성체계(앵커) 5극 3특 공유대학 사업계획서 접수 안내,,한국연구재단,교육·인력양성사업 > 지역성장 인재양성체계(앵커),,2026-06-23,,접수마감,2026-06-23,2026-07-27,0,,https://www.nrf.re.kr/biz/notice/view?ac=view&menuNo=362&postNo=276095&bizNo=627, 2026년도 지역성장 인재양성체계(앵커) 5극 3특 공유대학 사업계획서 접수 안내 지역성장 인재양성체계(앵커) 추진방안에 따른 「5극 3특 공유대학」기본계획 및 사업계획서 작성서식을 첨부와 같이 안내드리오니 기한 내 제출하여 주시기 바랍니다. 붙임 1. 지역성장 인재양성체계(앵커) 5극 3특 공유대학 기본계획 1부. 2. 지역성장 인재양성체계(앵커) 5극 3특 공유대학 사업계획서 작성서식 1부. 3. 지역성장 인재양성체계(앵커) 5극 3특 공유대학 사업계획서 제출안내 1부. 끝. · 첨부파일 붙임 2. 지역성장 인재양성체계(앵커) 5극 3특 공유대학 사업계획서 작성 서식.hwpx 붙임 3. 지역성장 인재양성체계(앵커) 5극 3특 공유대학 사업계획서 제출 안내.hwpx 붙임 1. 지역성장 인재양성체계(앵커) 5극3특 공유대학 기본계획 (3).hwpx · 문의처 담당부서 : RISE지원팀 | 담당자 : 손호영 | 연락처 : 042-869-6270 ※ 자세한 내용은 첨부파일 참조 및 문의처로 문의하여 주시기 바랍니다. 목록 다음글 2026년도 「양자정보과학 인적기반조성사업」리더급 연구역량강화(전략기술형) 신규과제 재공모 이전글 2026년 첨단기술을 활용한 사회문제해결 실증확산지원(기술개발 및 실증) 신규과제 재공모,2026-09-15T12:04:20,2026-09-20T23:58:35
한국연구재단:277307,한국연구재단,2026년 첨단기술을 활용한 사회문제해결 실증확산지원(기술개발 및 실증) 신규과제 재공모,과학기술정보통신부,한국연구재단,사회문제해결 > 사회문제해결연구 > 첨단기술을 활용한 사회문제해결 실증확산지원,,2026-07-10,,접수마감,2026-07-10,2026-07-20,0,,https://www.nrf.re.kr/biz/notice/view?ac=view&menuNo=362&postNo=277307&bizNo=751," 과학기술정보통신부 공고 제2026 – 784호 2026년 첨단기술을 활용한 사회문제해결 실증확산 지원(기술개발 및 실증) 신규과제 재공모 과학기술정보통신부에서 추진하는 첨단기술을 활용한 사회문제해결 실증확산 지원(기술개발 및 실증)의 신규과제를 아래와 같이 재공모하오니 관심 있는 연구자들의 많은 참여 바랍니다. 2026년 7월 10일 <주무부처> 부총리 겸 과학기술정보통신부 장 관 배 경 훈 <전문기관> 한국연구재단 이사장 홍 원 화 · 첨부파일 [공고문] 2026년 첨단기술을 활용한 사회문제해결 실증확산 지원(기술개발 및 실증) 신규과제 재공고.pdf 붙임1 2026년 첨단기술을 활용한 사회문제해결 실증확산 지원_RFP14.pdf 붙임2 연구개발계획서(양식).zip 붙임3 별첨자료 양식.hwp 붙임4 (참고자료) IRIS 매뉴얼, TRL 기준 등.zip · 문의처 담당부서 : 공공기술단 | 담당자 : 최효석 | 연락처 : 042-869-7795 ※ 자세한 내용은 첨부파일 참조 및 문의처로 문의하여 주시기 바랍니다. 목록 다음글 2026년도 지역성장 인재양성체계(앵커) 5극 3특 공유대학 사업계획서 접수 안내 이전글 2026년 이공계 연구생활장려금 지원 사업 하반기 신규과제 공고(양식 오류 수정)",2026-09-15T12:04:24,2026-09-20T23:58:35
한국연구재단:275093,한국연구재단,2026년 이공계 연구생활장려금 지원 사업 하반기 신규과제 공고(양식 오류 수정),과학기술정보통신부,한국연구재단,교육·인력양성사업 > 이공계 연구생활장려금 지원 사업,,2026-06-11,,접수마감,2026-06-23,2026-07-20,0,,https://www.nrf.re.kr/biz/notice/view?ac=view&menuNo=362&postNo=275093&bizNo=645," 과학기술정보통신부 공고 제2026-0676호 2026년 이공계 연구생활장려금 지원 사업 하반기 신규과제 공고 과학기술정보통신부가 추진하는 ｢이공계 연구생활장려금 지원 사업｣의 신규과제를 아래와 같이 공모하오니 대학의 많은 참여를 바랍니다. 2026년 6월 11일 <주무부처> 과학기술정보통신부 장관 배경훈 <전문기관> 한국연구재단 이사장 홍원화 ※ 본 사업은 한국과학기술기획평가원(KISTEP)이 운영하는 IRIS*(https://www.iris.go.kr)를 통해 과제신청, 평가 및 관리 업무를 진행합니다. * IRIS(Integrated R&D Information System): 각 부처 및 전문기관별로 운영하고 있던 시스템을 하나로 통합한 범부처통합연구지원시스템 ※ IRIS를 통한 과제신청을 위해 접수 전 필수 이행사항이 있으니 과제 신청에 문제가 없도록 사전에 준비하여 주시기 바랍니다. ※ 본 사업은 기관(대학) 단위 신청사업 입니다. (개인 단위 신청 불가) - 동 공고는 사업 1단계('25~'27) 내 신규대학 선정을 위한 마지막 공모 절차임 ※ 관련 링크 - 2026년 이공계 연구생활장려금 지원 사업 시행계획 안내 - https://buly.kr/DlKjqfg - 2026년 이공계 연구생활장려금 지원 사업 하반기 신규과제 주요 FAQ 및 접수 매뉴얼 안내 - https://buly.kr/7bJCQn5 · 첨부파일 (과학기술정보통신부 공고 제2026-0676호) 2026년 이공계 연구생활장려금 지원 사업 하반기 신규과제 공고.hwpx 붙임. 2026년 이공계 연구생활장려금 지원 사업 신청서식(하반기)(수정).zip 참고. 2026년 이공계 연구생활장려금 지원 사업 참고자료.zip · 문의처 담당부서 : 인재양성사업팀 | 담당자 : 송재문 | 연락처 : 042-869-6456 담당부서 : 인재양성사업팀 | 담당자 : 차석일 | 연락처 : 042-869-6452 ※ 자세한 내용은 첨부파일 참조 및 문의처로 문의하여 주시기 바랍니다. 목록 다음글 2026년 첨단기술을 활용한 사회문제해결 실증확산지원(기술개발 및 실증) 신규과제 재공모 이전글 2026년도 개도국기후기술실증연구 사업 신규과제 2차 재공모",2026-09-15T12:04:28,2026-09-20T23:58:35
한국연구재단:276941,한국연구재단,2026년도 개도국기후기술실증연구 사업 신규과제 2차 재공모,과학기술정보통신부,한국연구재단,탄소중립기반구축 > 기술개발사업(탄소중립기반구축) > 개도국기후기술실증,,2026-07-06,,접수마감,2026-07-06,2026-07-16,0,,https://www.nrf.re.kr/biz/notice/view?ac=view&menuNo=362&postNo=276941&bizNo=738," 과학기술정보통신부 공고 제2026 – 761호 2026년도 개도국기후기술실증연구 사업 신규과제 2차 재공모 과학기술정보통신부가 추진하는 「2026년도 개도국기후기술실증연구」사업의 신규과제를 아래와 같이 재공모하오니 관심 있는 연구자들의 많은 참여 바랍니다. 2026년 7월 6일 <주무부처> 부총리 겸 과학기술정보통신부 장관 배 경 훈 <전문기관> 한국연구재단 이사장 홍 원 화 · 첨부파일 · 첨부파일 (붙임1). 개도국 기후기술실증연구사업 신규과제 과제제안요구서(RFP).pdf (붙임2). 양식 및 안내자료.zip (본문) 2026년도 개도국기후기술실증연구사업 신규과제 재공고문.hwp · 문의처 문의분야 : RFP, 접수, 양식 관련 문의 | 담당부서 : 에너지·환경단 | 담당자 : 송인범 | 연락처 : 042-869-6469 문의분야 : RFP, 접수, 양식 관련 문의 | 담당부서 : 에너지·환경단 | 담당자 : 백관종 | 연락처 : 042-869-6465 문의분야 : 평가 관련 문의 | 담당부서 : 국가전략사업총괄1팀 | 담당자 : 서종원 | 연락처 : 042-869-7767 ※ 자세한 내용은 첨부파일 참조 및 문의처로 문의하여 주시기 바랍니다. 목록 다음글 2026년 이공계 연구생활장려금 지원 사업 하반기 신규과제 공고(양식 오류 수정) 이전글 2026년도 바이오·의료기술개발 사업 제5차 신규과제 공모",2026-09-15T12:04:32,2026-09-20T23:58:35
한국연구재단:275251,한국연구재단,2026년도 바이오·의료기술개발 사업 제5차 신규과제 공모,과학기술정보통신부,한국연구재단,"미래유망원천기술개발, 바이오·의료기술개발사업",,2026-06-12,,접수마감,2026-06-12,2026-07-13,0,,https://www.nrf.re.kr/biz/notice/view?ac=view&menuNo=362&postNo=275251&bizNo=663," 과학기술정보통신부 공고 제2026 – 0690호 2026년도 바이오·의료기술개발 사업 제5차 신규과제 공모 과학기술정보통신부가 추진하는 「바이오·의료기술개발 사업」의 제5차 신규과제를 아래와 같이 공모하오니 관심 있는 연구자들의 많은 참여 바랍니다. 2026년 6월 12일 <주무부처> 부총리 겸 과학기술정보통신부 장관 배 경 훈 <전문기관> 한국연구재단 이사장 홍 원 화 내역사업명 RFP 관리번호 RFP 수 선정예정 과제수 당해 연구비 ( 억원 ) 첨단GW바이오 ○ [2026-차세대바이오-05-분야공모-01] 차세대 식물 엑소좀 기술 개발 및 실증 연계 핵심 거점 구축 사업 1 1개 내외 20 합계 1 1 개 내외 20 □ 문의처 : 문의 사항별 담당 부서가 다르므로 문의처 구분 확인 요망 구분 RFP 관리번호 담당부서 연락처 이메일 IRIS 시스템 관련 문의 IRIS 콜센터(1877-2041, 042-862-1500) 또는 IRIS 홈페이지 사용문의 R&D 신문고 활용 RFP, 접수 , 양식 관련 문의 2026-차세대바이오-05-분야공모-01 차세대바이오단 042-869-7720 nrfbio2@nrf.re.kr 평가 관련 문의 2026-차세대바이오-05-분야공모-01 국가전략사업 평가1팀 042-869-7762 ksy9295@nrf.re.kr · 첨부파일 2026년도 바이오·의료기술개발 사업 제5차 신규과제 공고문.hwpx 붙임 1. 연구주제안내서(RFP).pdf 붙임 2. 양식 및 안내.zip 붙임 3. 생명자원 기탁 및 생명정보 등록에 관한 안내.hwpx · 문의처 담당부서 : 차세대바이오단 | 담당자 : 노영석 | 연락처 : 042-869-7826 ※ 자세한 내용은 첨부파일 참조 및 문의처로 문의하여 주시기 바랍니다. 목록 다음글 2026년도 개도국기후기술실증연구 사업 신규과제 2차 재공모 이전글 2026년도 방사선이용 기술개발사업 (방사선 기반 소재·장비 기술 혁신화) 신규과제 공모",2026-09-15T12:04:43,2026-09-20T23:58:40
한국연구재단:275177,한국연구재단,2026년도 방사선이용 기술개발사업 (방사선 기반 소재·장비 기술 혁신화) 신규과제 공모,과학기술정보통신부,한국연구재단,원자력진흥 > 방사선이용기술개발사업 > 방사선이용기술개발사업,,2026-06-11,,접수마감,2026-06-25,2026-07-13,0,,https://www.nrf.re.kr/biz/notice/view?ac=view&menuNo=362&postNo=275177&bizNo=767, 과학기술정보통신부 공고 제2026 – 0675호 2026년도 방사선이용 기술개발사업(방사선 기반 소재·장비 기술 혁신화) 신규과제 공모 과학기술정보통신부가 추진하는「방사선이용 기술개발사업(방사선 기반 소재·장비 기술 혁신화)의 신규과제를 아래와 같이 공모하오니 관심 있는 연구자들의 많은 참여 바랍니다. 2026년 6월 11일 <주무부처> 부총리 겸 과학기술정보통신부 장관 배 경 훈 <전문기관> 한국연구재단 이사장 홍 원 화 · 첨부파일 (공고문) 2026년도 방사선 기반 소재·장비 기술 혁신화 신규과제.hwpx 붙임1. 과제제안요구서(RFP).hwp 붙임2. 연구개발계획서 양식.zip 붙임3. 별첨자료 양식.hwp 붙임4. 신규과제 신청 FAQ.pdf · 문의처 담당부서 : 거대인프라·방사선단 | 담당자 : 박승찬 | 연락처 : 042-869-7808 ※ 자세한 내용은 첨부파일 참조 및 문의처로 문의하여 주시기 바랍니다. 목록 다음글 2026년도 바이오·의료기술개발 사업 제5차 신규과제 공모 이전글 2026년도 소부장분야 전문인력양성(데이터융합형 신소재 고급인력양성) 신규과제 공모,2026-09-15T12:04:47,2026-09-20T23:58:40
한국연구재단:275138,한국연구재단,2026년도 소부장분야 전문인력양성(데이터융합형 신소재 고급인력양성) 신규과제 공모,과학기술정보통신부,한국연구재단,과학기술인력양성 > 창의적 인재육성 > 소부장분야전문인력양성(데이터융합형신소재고급인력양성),,2026-06-11,,접수마감,2026-06-11,2026-07-13,0,,https://www.nrf.re.kr/biz/notice/view?ac=view&menuNo=362&postNo=275138&bizNo=752," 과학기술정보통신부 공고 제 2026 – 0682 호 2026년도 소부장분야 전문인력양성(데이터융합형 신소재 고급인력양성) 신규과제 공모 과학기술정보통신부에서 추진하는 소부장분야 전문인력양성사업(데이터융합형 신소재 고급인력양성)의 2026년도 신규과제를 아래와 같이 공모하오니, 관심 있는 연구자들의 많은 참여 바랍니다. ◾ 사업설명회 개최 : 2026. 6. 24. ( 수 ) 시간 추후 공지 , 온라인 * 개최일정은 추후 변경될 수 있으며, 연구재단(www.nrf.re.kr) 홈페이지에 공지 예정 2026년 6월 11일 <주무부처> 부총리 겸 과학기술정보통신부 장관 배 경 훈 <전문기관> 한국연구재단 이사장 홍 원 화 · 첨부파일 (붙임1) 신규과제 공모 공고문.hwpx (붙임2) 공모 안내문.hwpx (붙임3) 별첨서류.zip · 문의처 담당부서 : 나노·소재단 | 담당자 : 김민 | 연락처 : 042-869-7860 ※ 자세한 내용은 첨부파일 참조 및 문의처로 문의하여 주시기 바랍니다. 목록 다음글 2026년도 방사선이용 기술개발사업 (방사선 기반 소재·장비 기술 혁신화) 신규과제 공모 이전글 2026년도 하반기 원자력정책연구사업 재공고",2026-09-15T12:04:51,2026-09-20T23:58:40
한국연구재단:276758,한국연구재단,2026년도 하반기 원자력정책연구사업 재공고,과학기술정보통신부,한국연구재단,"원자력연구개발사업, 원자력진흥",,2026-07-02,,접수마감,2026-07-02,2026-07-10,0,,https://www.nrf.re.kr/biz/notice/view?ac=view&menuNo=362&postNo=276758&bizNo=99, 과학기술정보통신부 공고 제2026 –0752호 2026 년도 하반기 원자력정책연구사업 재공고 과학기술정보통신부는 국가원자력정책 개발과 제도개선 등에 활용하고자 원자력 정책연구사업을 추진하고 있습니다. 이와 관련하여 2026년도 하반기 원자력정책연구사업으로 다음 과제를 재공모하오니 신청하여 주시기 바랍니다. 2026년 7월 2일 <주무부처> 부총리 겸 과학기술정보통신부 장관 배 경 훈 <전문기관> 한국연구재단 이사장 홍 원 화 · 첨부파일 [공고문] 2026년도 하반기 원자력정책연구사업 재공고문.hwpx 붙임1. 2026년도 하반기 원자력정책연구사업 과제제안서(재공고).hwpx 붙임2. 연구개발계획서 양식.zip · 문의처 문의분야 : 원자력 | 담당부서 : 원자력단 | 담당자 : 박태진 | 연락처 : 042-869-7819 문의분야 : 거대인프라(가속기) | 담당부서 : 거대인프라방사선단 | 담당자 : 박소현 | 연락처 : 042-869-7802 ※ 자세한 내용은 첨부파일 참조 및 문의처로 문의하여 주시기 바랍니다. 목록 다음글 2026년도 소부장분야 전문인력양성(데이터융합형 신소재 고급인력양성) 신규과제 공모 이전글 2026년도 미래개척융합과학기술개발사업 신규과제 제3차 공모,2026-09-15T12:04:55,2026-09-20T23:58:40
한국연구재단:275086,한국연구재단,2026년도 미래개척융합과학기술개발사업 신규과제 제3차 공모,과학기술정보통신부,한국연구재단,"미래개척융합과학기술개발, 미래유망융합기술파이오니어",,2026-06-10,,접수마감,2026-06-24,2026-07-10,0,,https://www.nrf.re.kr/biz/notice/view?ac=view&menuNo=362&postNo=275086&bizNo=25, 과학기술정보통신부 공고 제2026 – 0679호 2026년도 미래개척융합과학기술개발사업 신규과제 제3차 공모 과학기술정보통신부가 추진하는 「미래개척융합과학기술기술개발사업」의 제3차 신규과제를 아래와 같이 공모하오니 관심 있는 연구자들의 많은 참여 바랍니다. 2026년 6월 10일 <주무부처> 부총리 겸 과학기술정보통신부 장관 배 경 훈 <전문기관> 한국연구재단 이사장 홍 원 화 · 첨부파일 (붙임1) 2026년도 미래개척융합과학기술개발사업 신규과제 제3차 공모.hwpx (붙임2) 별첨서류.zip · 문의처 담당부서 : 정보ㆍ융합기술단 | 담당자 : 최재우 | 연락처 : 042-869-7736 ※ 자세한 내용은 첨부파일 참조 및 문의처로 문의하여 주시기 바랍니다. 목록 다음글 2026년도 하반기 원자력정책연구사업 재공고 이전글 2026년도 학술지 지원사업 신규 과제 공모(인문·사회과학·예술·체육 및 복합학 분야) 공고,2026-09-15T12:04:58,2026-09-20T23:58:40
한국연구재단:274850,한국연구재단,2026년도 학술지 지원사업 신규 과제 공모(인문·사회과학·예술·체육 및 복합학 분야) 공고,,한국연구재단,인문사회분야 학술연구지원사업 > 학술활동 및 연구윤리활동 > 학술지지원사업,,2026-06-08,,접수마감,2026-06-25,2026-07-09,0,,https://www.nrf.re.kr/biz/notice/view?ac=view&menuNo=362&postNo=274850&bizNo=5," 교육부 공고 제2026 - 241호 2026년도 학술지 지원사업 신규 과제 공모 - 인문·사회과학·예술 ·체육 및 복합학 분야 - 교육부와 한국연구재단이 『 2026년도 학술지 지원사업(인문·사회과학·예술 · 체육 및 복합학 분야) 』 신규 과제를 아래와 같이 공모하오니, 해당 기관은 정해진 절차에 따라 신청하여 주시기를 바랍니다. 2026년 6월 8일 <주무부처> 교 육 부 장 관 최교진 <전문기관> 한국연구재단 이사장 홍원화 1. 사업 목적 ㅇ 학술지 발생지원을 통해 자생적 경쟁력을 강화하고, 신생ㆍ소외 분야 지원을 통한 학문의 다양성 제고 2. 지원 분야 ㅇ 국내학술지 : 인문 · 사회 분야 ( 예술 · 체육 및 복합학 분야 포함 ) ㅇ 신생 · 소외 분야 * : 인문 · 사회 분야 ( 예술 · 체육 및 복합학 분야 포함 ) 중 신생 또는 소외 학문 분야를 지원 【 신생 · 소외 학문 분야 개념 】 ① 신생 학문 분야 : 학문 발전 및 학문 간 융합 등을 통해 새롭게 부상한 분야로서 현재는 해당 분야 연구자 및 성과 등이 적으나 , 향후 주요 분야로서의 성장 가능성이 큰 분야 ② 소외 학문 분야 : 학술 가치가 있음에도 계속 방치하면 해당 분야 연구 기반 붕괴가 예상되는 분야로 해당 분야 연구자의 규모가 열악한 분야 등 국가 차원에서 보호가 필요한 학문 분야 3. 지원 대상 ㅇ (공통) KCI 우수등재 및 등재 학술지를 발행 * 하는 학술단체 또는 대학부설연구소 - ⌜ 학술진흥법 」 제 2 조제 2 호가목 또는 제 4 호에 해당하는 단체 ※ 학술지 미발행 학술단체는 요건 탈락 처리 조항 내용 제 2 호가목 2. “ 대학 ” 이란 다음 각 목의 어느 하나에 해당하는 기관을 말한다 . 가 . 「 고등교육법 」 제 2 조 각 호에 따른 학교 , 이와 같은 수준 이상의 학교로서 다른 법령에 따라 설치된 학교 및 그 부설연구소 제 4 호 4. “ 학술단체 ” 란 다음 각 목의 어느 하나에 해당하는 법인 또는 단체를 말한다 . 가 . 「 공익법인의 설립ㆍ운영에 관한 법률 」 또는 「 민법 」 에 따라 설립된 법인 중 학술활동을 목적으로 하는 법인 나 . 「 비영리민간단체 지원법 」 에 따라 등록된 단체 중 학술활동을 목적으로 하는 단체 다 . 그 밖에 학술활동을 목적으로 하는 비영리단체 중 교육부장관이 이 법에 따라 추진하는 사업의 지원 대상으로 인정한 단체 ㅇ ( 국내 학술지 ) KCI 우수등재 및 등재 학술지를 발행하는 인문 · 사회 분야 ( 예술 ․ 체육 및 복합학 포함 ) 의 국내 학술단체 ( 대학부설연구소 포함 ) ㅇ ( 신생 · 소외 분야 ) KCI 등재 ** 및 등재후보 ** , 미등재 학술지 *** 를 발행하는 인문 · 사 회 분야 ( 예술 ․ 체육 및 복합학 포함 ) 의 국내 학술단체 ( 대학부설연구소 포함 ) ** 최근 1 년 ( ’ 25) 간 연 1 회 이상 발행 실적이 있는 학술지에 한해 지원 가능 *** 최근 3 년 ( ’ 23~ ’ 25) 간 매년 연 1 회 이상 발행 실적이 있는 학술지에 한해 지원 가능 【 신생 · 소외 학술지의 판단 기준 】 ① 학술지 기여도 및 사회적 영향력을 가진 우수한 논문 게재 ② 향후 발전 가능한 ‘ 소수 학문 ’ 으로 국내적 특성이 강한 학문 분야 ➂ 학술지의 전문성을 갖추어야 함 . 4. 지원 기간 ㅇ 2026.10.1.~2027.9.30.(1 년 ) 이내에 발행되는 정규 학술지 5. 지원 내용 : 지원 예산, 지원 규모, 지원 항목 등 세부내역 붙임 공고문 및 신청요강 등 참조 6. 신청 및 참여 제한 : 세부내역 붙임 공고문 및 신청요강 등 참조 7. 공고 · 신청 기간 및 신청 방법 ㅇ 공고 기간 : 2026 년 6월 8일 ( 월 ) ~ 7 월 9 일 ( 목 ) 18:00 까지 - 교육부 , 한국연구재단 및 KCI 홈페이지에 공고 ㅇ 신청 기간 : 2026 년 6월 25 일 ( 목 ) ~ 7 월 9 일 ( 목 ) 18:00 까지 (15 일간 ) - 온라인 신청 기간에는 입력한 내용과 신청서 및 계획서 교체가 가능하나 , 신청 마감일 18 시 이후에는 교체 및 수정 불가능 ㅇ 신청 방법 : 한국학술지인용색인 (KCI) 온라인 ( https://www.kci.go.kr/ ) 신청 - 신청 전 기관정보 현행화 필수 ( 학술단체 대표 및 실무진 성명 , 연락처 갱신 ) 한국연구자정보 (KRI, www.kri.go.kr) 에서 연구책임자 정보 현행화 요청 ※ 평가 시 상피제도의 원활한 운영을 위해 연구과제 신청 전 , KRI 연구자 정보 ( 기본정보 , 연구분야 , 취득학위 , 논문실적 , 연락처 등 ) 현행화 필요 ㅇ 제출 서류 : 과제 정보 등 필수 입력 사항 기재 후 신청서 및 계획서[ 양식 아래 참조) 등 온라인 탑재, 붙임9(국내학술지), 붙임10(신생소외분야)] - 신생 · 소외 분야의 경우 , 미등재지는 최근 3 년치 ( ’ 23~ ’ 25) , 등재후보 ‧ 등재지는 최근 1 년치 ( ’ 25) 발행 학술지 각 호의 통합본 ( 각 권의 표지 포함 ) 원본 파일 반드시 제출 8. 참고 사항 : 세부내역 붙임참조 -평가 항목, 배점 및 절차 등은 신청 요강 및 관련 법령 및 규정 등을 확인 필요 9. 추진 일정(안) : ㅇ 2026.6.8.~7.9. 학술지 지원사업 신규 과제 공고 ㅇ 2026.6.25.~7.9. 신규 과제 신청서 접수 ㅇ 2026.7~8 월 선정평가 ㅇ 2026.9 월중 신규 과제 선정공고 및 사업비 지급 ㅇ 2026.10.1. 2026 년도 학술지 지원사업 신규 과제 사업개시 ※ 상기 일정은 교육부 승인 일정 등에 따라 , 사업공고 및 연구자 접수기간 등 추진 과정에서 변동될 수 있음 10. 문의처 구분 부서 연락처 사업 내용 , 신규 과제 신청 및 평가 등 한국연구재단 학술연구기반지원팀 042-869-6831,6832 scholarship@nrf.re.kr 시스템 한국학술지인용색인 (KCI) (기관등록, 기관정보, 임원현황 만 문의) 한국연구재단 연구데이터분석팀 042-869-6676,6674 연구사업통합지원시스템 (e-R&D) (과제 신청, 접수, 협약 등 시스템 문제 만 문의) 한국연구재단 AI 정보혁신총괄팀 042-869-7744 한국연구자정보 (KRI) 연구비정산 한국연구재단 연구정산총괄팀 042-869-7788 통합이지바로 (Ezbaro) 한국연구재단 범부처연구비관리팀 1833-2785 붙임 붙임 1. 2026 년도 학술지 지원사업 신규 과제 공모 공고문 1 부 . 붙임 2. 2026 년도 학술지 지원사업 신규 과제 신청요강 1 부 . 붙임 3. 학술단체지원사업 관련 임원명단 입력 안내 1 부 . 붙임 4. 국가연구자번호 등록 및 KCI 임원 명단 입력 방법 안내 매뉴얼 1 부 . 붙임 5. 2026 년도 인문사회분야 학술연구지원사업 관리운영 가이드라인 ( 교육부 , 2026.01.01) 1 부 . 붙임 6. 국가연구개발혁신법 매뉴얼 (2026.04) 제 3 장 7 절 연구활동비 사용 용도 및 사용기준 1 부 . 붙임 7. 2026 년 학술지 지원사업 신규 과제 신청매뉴얼 ( 국내 ) 1 부 . 붙임 8. 2026 년 학술지 지원사업 신규 과제 신청매뉴얼 ( 신생소외분야 ) 1 부 . 붙임 9. 학술지 지원사업 ( 국내 학술지 ) 신청서 및 계획서 ( 신청요강 붙임 1 양식 ) 붙임 10. 학술지 지원사업 ( 신생소외분야 ) 신청서 및 계획서 ( 신청요강 붙임 2 양식 ) 참고. IRIS 연구자 가입 등 안내 매뉴얼 참고. 『생성형 인공지능(AI) 도구의 책임 있는 사용을 위한 권고사항』 개정판(25.9.)_배포용 · 첨부파일 공고문-신청요강 등 붙임서류 각1부.zip 참고. IRIS 연구자 가입 등 안내 매뉴얼.pdf 참고. 『생성형 인공지능(AI) 도구의 책임 있는 사용을 위한 권고사항』 개정판(25.9.)_배포용.jpg · 문의처 문의분야 : 사업 내용, 신규 과제 신청 및 평가 등 | 담당부서 : 한국연구재단 학술연구기반지원팀 | 담당자 : 이건상 | 연락처 : 042-869-6831 문의분야 : 한국학술지인용색인(KCI) | 담당부서 : 연구데이터분석팀 | 담당자 : 이길용 | 연락처 : 042-869-6676 문의분야 : 연구사업통합지원시스템(e-R&D) | 담당부서 : AI정보혁신총괄팀 | 담당자 : 콜센터 | 연락처 : 042-869-7744 문의분야 : 연구비정산 | 담당부서 : 연구정산총괄팀 | 담당자 : 콜센터 | 연락처 : 042-869-7788 담당부서 : 통합이지바로(Ezbaro) | 담당자 : 콜센터 | 연락처 : 1833-2785 ※ 자세한 내용은 첨부파일 참조 및 문의처로 문의하여 주시기 바랍니다. 목록 다음글 2026년도 미래개척융합과학기술개발사업 신규과제 제3차 공모 이전글 2026년도 제2차 범부처 첨단 의료기기 연구개발사업 신규지원 대상과제 재공고",2026-09-15T12:05:02,2026-09-20T23:58:40
한국연구재단:276785,한국연구재단,2026년도 제2차 범부처 첨단 의료기기 연구개발사업 신규지원 대상과제 재공고,,한국연구재단,미래유망원천기술개발 > 바이오·의료기술개발사업 > 범부처 첨단 의료기기 연구개발 사업,,2026-07-03,수정공고,접수마감,2026-07-01,2026-07-09,0,,https://www.nrf.re.kr/biz/notice/view?ac=view&menuNo=362&postNo=276785&bizNo=719," 범부처의료기기연구개발사업단 공고 제 2026-04 호 2026 년도 제 2 차 범부처 첨단 의료기기 연구개발사업 신규지원 대상과제 재공고 2026년도 범부처 첨단 의료기기 연구개발사업(의료기기 코어기술 및 제품개발) 신규지원 대상과제를 다음과 같이 재공고하오니 동 사업에 참여를 희망하는 기관(기업) 등은 관련 규정 및 절차에 따라 신청하여 주시기 바랍니다. 2026 년 7 월 1 일 ( 재 ) 범부처의료기기연구개발사업단장 □ 공고 및 접수 ◦ 공고 및 신청기간 공고기간 연구개발과제 신청 ( 전산입력 ) 접수개시 연구개발과제 접수 ( 전산입력 ) 마감일시 주관연구개발기관 기관승인 마감일시 2026.7.1.(수) ∼ 2026.7.9.(목) 2026.7.3.(금) 10:00부터 2026.7.9.(목) 16:00까지 2026.7.10.(금) 16:00까지 - 과제접수 마감일 16:00까지 모든 과제 정보의 전산입력 완료 및 제출서류(연구개발계획서 및 첨부서류)를 업로드하여 ‘제출완료’인 과제만 접수하는 것을 원칙으로 하며, 주관연구개발기관의 기관담당자 제출승인이 완료되어야 함(마감일 16:00 이후 접수 및 전자인증 절대 불가함) - 전산정보 입력 시 관련 온라인매뉴얼(www.iris.go.kr) 참고(붙임3 참고) -전산시스템에 입력 중이더라도 과제접수(전산입력) 마감일의 종료시간(16시)이 지나면 과제 ‘미접수’로 간주함 □ 지원내용 구분 지원내용 ( 내역사업명 ) RFP 유형 RFP 관리번호 연구개발과제별 지원규모 및 연구개발기간 2내역 의료기기 코어기술 및 제품개발 ⑤필수의료기기 2026-2-2 -필수의료기기-8 상세사항은 연구개발과제별 RFP(붙임1) 상세 내역 참고 ◦ 과제접수 유의사항 IRIS 회원가입, 전산정보 입력 및 제출서류 업로드 시 최소 하루 이상 소요될 수 있으며 과제접수 마감일에 접속 과부하로 인하여 접수가 지연되거나 장애가 발생할 수 있으므로 과제접수 마감일 이틀 전에 과제 접수 완료하는 것을 권장함 . 또한, 접수 마감일 16 시 이후 접수 불가 ◦ 접수 방법 - 연구개발계획서 및 첨부 자료 양식은 범부처통합연구지원시스템( www.iris.go.kr) 및 범부처의료기기연구개발사업단 홈페이지(kmdf.org)에서 다운로드하여 작성 - ‘제출서류 목록(붙임2 참고)’을 확인한 후 ‘제출서류_RFP 유형별 서식(붙임5 참고)’ 작성하여 범부처통합연구지원시스템 R&D업무포털(www.iris.go.kr)에 업로드 하여야 함 □ 문의처 담당업무 전화번호 과제 전산접수(시스템 입력) 관련 1877-2041 (범부처통합연구지원시스템) 공고 및 평가 관련 02-6328-0336 02-6328-0346 RFP관련 내용문의 2내역 의료기기 코어기술 및 제품개발 필수의료기기 02-6328-0340 ※ 문의전화 폭주로 전화 연결이 원활하지 않을 수 있음(반드시 공고문 등을 확인 후 질의 요망) · 문의처 담당부서 : 뇌첨단의공학단 | 담당자 : 고성조 | 연락처 : 042-869-7758 ※ 자세한 내용은 첨부파일 참조 및 문의처로 문의하여 주시기 바랍니다. 목록 다음글 2026년도 학술지 지원사업 신규 과제 공모(인문·사회과학·예술·체육 및 복합학 분야) 공고 이전글 2026년 첨단기술을 활용한 사회문제해결 실증확산 지원사업(기술개발 및 실증) 신규과제 공모",2026-09-15T12:05:05,2026-09-20T23:58:40
한국연구재단:274882,한국연구재단,2026년 첨단기술을 활용한 사회문제해결 실증확산 지원사업(기술개발 및 실증) 신규과제 공모,,한국연구재단,사회문제해결 > 사회문제해결연구 > 첨단기술을 활용한 사회문제해결 실증확산지원,,2026-06-08,,접수마감,2026-06-24,2026-07-08,0,,https://www.nrf.re.kr/biz/notice/view?ac=view&menuNo=362&postNo=274882&bizNo=751," 과학기술정보통신부 공고 제2026 - 668호 2026 년 첨단기술을 활용한 사회문제해결 실증확산 지원사업 (기술개발 및 실증) 신규과제 공모 과학기술정보통신부에서 추진하는 「 2026 년 첨단기술을 활용한 사회문제해결 실증확산 지원사업(기술개발 및 실증) 」 의 신규과제를 아래와 같이 공모하오니 관심 있는 연구자 들의 많은 참여 바랍니다 . 2026 년 6 월 8 일 < 주무부처 > 부총리 겸 과학기술정보통신부 장관 배 경 훈 < 전문기관 > 한국연구재단 이사장 홍 원 화 · 첨부파일 [공고문] 2026년 첨단기술을 활용한 사회문제해결 실증확산 지원(기술개발 및 실증) 신규과제 공고.pdf 붙임1 2026년 첨단기술을 활용한 사회문제해결 실증확산 지원 RFP.zip 붙임2 연구개발계획서(양식).zip 붙임3 별첨자료 양식.hwp 붙임4 (참고자료) IRIS 매뉴얼, TRL 기준 등.zip · 문의처 담당부서 : 공공기술단 | 담당자 : 최효석 | 연락처 : 042-869-7795 ※ 자세한 내용은 첨부파일 참조 및 문의처로 문의하여 주시기 바랍니다. 목록 다음글 2026년도 제2차 범부처 첨단 의료기기 연구개발사업 신규지원 대상과제 재공고 이전글 2026년도 「양자정보과학 인적기반조성사업」 리더급 연구역량강화(전략기술형) 신규과제 공모",2026-09-15T12:05:09,2026-09-20T23:58:40
한국연구재단:274874,한국연구재단,2026년도 「양자정보과학 인적기반조성사업」 리더급 연구역량강화(전략기술형) 신규과제 공모,과학기술정보통신부,한국연구재단,과학기술인력양성 > 창의적 인재육성 > 과학기술혁신인재양성(양자정보과학 인적기반 조성),,2026-06-08,,접수마감,2026-06-08,2026-07-07,0,,https://www.nrf.re.kr/biz/notice/view?ac=view&menuNo=362&postNo=274874&bizNo=527, 과학기술정보통신부 공고 제 2026 – 0670호 2026년도 「양자정보과학 인적기반조성사업」 리더급 연구역량강화(전략기술형) 신규과제 공모 과학기술정보통신부에서는 양자정보과학 선도국과의 국제공동연구를 통한 과학기술 경쟁력 강화를 위해 전략기술형 2026년도 신규과제를 다음과 같이 공모하오니 연구자분들의 많은 관심과 참여 바랍니다. 2026년 6월 8일 <주무부처> 과학기술정보통신부 장관 배 경 훈 <전문기관> 한국연구재단 이사장 홍 원 화 · 첨부파일 (붙임1) 2026년도 양자인적기반조성(리더급연구역량강화(전략기술형))사업 신규과제 RFP(안)_최종.hwpx (붙임2) 별첨자료 서식.hwp (붙임4) 연구개발계획서 양식.zip (붙임3) IRIS 관련 매뉴얼.zip 2026년도 양자정보과학 인적기반조성사업 리더급연구역량강화(전략기술형) 신규과제 공고.hwpx · 문의처 담당부서 : 양자기술단 | 담당자 : 임혜린 | 연락처 : 042-869-7837 ※ 자세한 내용은 첨부파일 참조 및 문의처로 문의하여 주시기 바랍니다. 목록 다음글 2026년 첨단기술을 활용한 사회문제해결 실증확산 지원사업(기술개발 및 실증) 신규과제 공모 이전글 2026년도 EIC개발협력연구사업 공동연구개발기관 재공모,2026-09-15T12:05:13,2026-09-20T23:58:40
한국연구재단:275904,한국연구재단,2026년도 EIC개발협력연구사업 공동연구개발기관 재공모,과학기술정보통신부,한국연구재단,기초연구진흥(방사선분야 등) > 기초연구기반구축사업(방사선 분야 등) > EIC개발협력연구사업,,2026-06-22,수정공고,접수마감,2026-06-22,2026-07-02,0,,https://www.nrf.re.kr/biz/notice/view?ac=view&menuNo=362&postNo=275904&bizNo=762," 과학기술정보통신부 공고 제2026 – 0713호 2026년도 EIC개발협력연구사업 공동연구개발기관 재공모 과학기술정보통신부가 추진하는 ｢EIC개발협력연구사업｣의 공동연구개발기관을 아래와 같이 재공모하오니 관심 있는 연구자들의 많은 참여 바랍니다. 2026년 6월 22일 <주무부처> 부총리 겸 과학기술정보통신부 장관 배 경 훈 <전문기관> 한국연구재단 이사장 홍 원 화 · 첨부파일 2026년도 EIC개발협력연구사업 공동연구개발기관 재공모 공고문.hwpx 붙임1. 2026년도공동연구개발기관과제RFP.hwpx 붙임2. 연구개발계획서(양식).hwp 붙임3. 별첨자료(양식).hwp 붙임3-1. 별첨 2. 신규과제 사전검토 체크리스트(양식).xlsx 붙임4. 참고자료(FAQ).hwp · 문의처 담당부서 : 거대인프라·방사선단 | 담당자 : 양보라 | 연락처 : 042-869-7807 ※ 자세한 내용은 첨부파일 참조 및 문의처로 문의하여 주시기 바랍니다. 목록 다음글 2026년도 「양자정보과학 인적기반조성사업」 리더급 연구역량강화(전략기술형) 신규과제 공모 이전글 [KDDF, 국가신약개발사업단] 2026년도 제2차 국가신약개발사업 신규지원 대상과제 통합공고",2026-09-15T12:05:16,2026-09-20T23:58:40
한국연구재단:274284,한국연구재단,"[KDDF, 국가신약개발사업단] 2026년도 제2차 국가신약개발사업 신규지원 대상과제 통합공고",,한국연구재단,미래유망원천기술개발 > 바이오·의료기술개발사업 > 국가신약개발사업,,2026-06-01,,접수마감,2026-06-18,2026-07-01,0,,https://www.nrf.re.kr/biz/notice/view?ac=view&menuNo=362&postNo=274284&bizNo=666," ◎ 국가신약개발재단 공고 제 2026-02 호 2026 년도 제 2 차 국가신약개발사업 신규지원 대상과제 통합공고 「 2026 년도 제 2 차 국가신약개발사업 신규지원 대상과제 」 를 다음과 같이 공고하오니 , 해당 연구개발과제를 수행하고자 하는 기관은 관련 규정에 따라 신청 바랍니다 . 2026년 6월 1일 국가신약개발사업단장  신청 방법 : 범부처통합연구지원시스템 (www.iris.go.kr) 공고단위 (RFP) 접수기간 ( 전산입력기간 ) 연구책임자 과제신청 ( 전산입력 ) 마감일시 주관연구개발기관 기관담당자 승인 마감일시 신약 기반 확충 연구 (유효물질, 선도물질) 2026.6.18.( 목 ) 09:00 ~ 2026.7.1.( 수 ) 14:00 2026.7.1.( 수 ) 14:00 * 마감 일시까지 기관담당자의 제출 승인이 완료 된 과제에 한하여 최종 접수 인정 신약 R&D 생태계 구축 연구 (후보물질, 비임상) 신약 임상 개발 (임상1상, 임상2상)  안내사항 - 기관담당자가 미지정 기관의 경우에도, 기관담당자 승인 절차까지 진행 필수 - 제출 서류 업로드 시 PDF 변환 오류 발생 주의 (참고2. 참조) 변환 오류 원인 문제 방지 방법 첨부하는 문서가 “보안문서”일 경우 문서 내 암호 해제 “숨은설명”이 포함되어 있는 경우 (한글파일) 숨은 설명 삭제 후 저장 문서 내 “유료 및 번들폰트”가 있는 경우 인쇄기능 이용하여 문서를 PDF로 저장  문의처 - 문의 전 [ 붙임 1] 공고 안내문 , [ 붙임 6] FAQ 필수 확인 요망 - 공고 및 접수 기간 내 이메일 문의 (kddf_pm@kddf.org) 권장 (유선 연결 제한 가능) ※ 과제 접수 완료 및 서류 제출 완료 여부는 유선으로 확인 불가 합니다 . 문의 구분 담당 부서 전화 이메일 시스템 오류 / 입력 문의 범부처통합연구지원시스템 (IRIS) 1877-2041 IRIS 홈페이지 Q&A 메뉴 RFP 및 절차 문의 국가신약 개발사업단 RFP 02-6379-3083 kddf_pm@kddf.org 평가 일정/절차 02-6379-3068 02-6379-3077 연구비 02-6379-3062 02-6379-3208 성과 02-6379-3224 기술료 02-6379-3076 재무 02-6379-3081 붙임1. 2026년도 제2차 신규지원 대상과제 통합공고문 및 안내서 붙임2. 국가신약개발사업 연구개발계획서 공통양식 붙임3. 국가신약개발사업 연구개발계획서 작성요령 붙임4. 국가신약개발사업 첨부서류_260528 붙임5. IRIS 과제접수 매뉴얼 붙임6. 국가신약개발사업 FAQ(1-3내역)_260528 참고1. 국가과학기술표준분류체계_230125 참고2. PDF 변환 오류 사례_241223 참고3. 신청기관 홍보자료(One page teaser)_2026 · 첨부파일 붙임1. 2026년도 제2차 신규지원 대상과제 통합공고문 및 안내서_F.pdf 붙임2. 국가신약개발사업 연구개발계획서 공통양식_v1.4.hwp 붙임3. 국가신약개발사업 연구개발계획서 작성요령_v1.4.pdf 붙임4. 국가신약개발사업 첨부서류_260528.hwp 붙임5. IRIS 과제접수 매뉴얼_압축.pdf 붙임6. 국가신약개발사업 FAQ(1-3내역)_260528.pdf 참고1. 국가과학기술표준분류체계_230125.xlsx 참고2. PDF 변환 오류 사례_241223.pdf 참고3. 신청기관 홍보자료(One page teaser)_2026.pptx · 문의처 담당부서 : 신약단 | 담당자 : 서유리 | 연락처 : 042-869-7778 ※ 자세한 내용은 첨부파일 참조 및 문의처로 문의하여 주시기 바랍니다. 목록 다음글 2026년도 EIC개발협력연구사업 공동연구개발기관 재공모 이전글 2026년 신규병역지정업체 신청 및 2027년 전문연구요원 필요인원 신청 알림",2026-09-15T12:05:28,2026-09-20T23:58:46
한국연구재단:275651,한국연구재단,2026년 신규병역지정업체 신청 및 2027년 전문연구요원 필요인원 신청 알림,,한국연구재단,교육·인력양성사업 > 대학연구기관 전문연구요원지원사업,,2026-06-17,,접수마감,2026-06-17,2026-06-30,0,,https://www.nrf.re.kr/biz/notice/view?ac=view&menuNo=362&postNo=275651&bizNo=326," 교육부 공고 제 2026–250호 2026 년도 신규 병역지정업체 ( 대학연구기관 ) 신청 및 2027 년도 필요인원 신청 공고 「병역법」 제36조 및 같은 법 시행령 제72조부터 제78조의2까지에 따라 2026년도 병역지정업체(대학연구기관) 신청 및 2027년도 필요인원 신청 절차 및 안내사항을 다음과 같이 공고합니다. 2026년 6월 17일 부총리 겸 교육부장관 => 신청 공고문 ( 신청 시 유의사항 등 포함 ) 및 제출서류 양식 관련 첨부파일 확인 바람 . (* 자료 작성 및 제출 시에는 반드시 유의사항과 작성 요령 등을 숙지 바람.) · 첨부파일 [공문] 2026년도 신규 병역지정업체 신청 및 2027년도 필요인원 신청 알림.pdf (공고문) 2026년도 신규 병역지정업체 신청 및 2027년도 필요인원 신청 공고문.hwpx [붙임] 제출서류 양식.zip · 문의처 담당부서 : 학술총괄팀 | 담당자 : 손예령 | 연락처 : 042-869-6758 ※ 자세한 내용은 첨부파일 참조 및 문의처로 문의하여 주시기 바랍니다. 목록 다음글 [KDDF, 국가신약개발사업단] 2026년도 제2차 국가신약개발사업 신규지원 대상과제 통합공고 이전글 2026년도 하반기 원자력정책연구사업 공고",2026-09-15T12:05:31,2026-09-20T23:58:46
한국연구재단:275496,한국연구재단,2026년도 하반기 원자력정책연구사업 공고,과학기술정보통신부,한국연구재단,"원자력연구개발사업, 원자력진흥",,2026-06-16,,접수마감,2026-06-16,2026-06-30,0,,https://www.nrf.re.kr/biz/notice/view?ac=view&menuNo=362&postNo=275496&bizNo=691, 과학기술정보통신부 공고 제2026–0703호 2026 년도 하반기 원자력정책연구사업 공고 과학기술정보통신부는 국가원자력정책 개발과 제도개선 등에 활용하고자 원자력 정책연구사업을 추진하고 있습니다. 이와 관련하여 2026년도 하반기 원자력정책연구사업으로 다음 과제를 공모하오니 신청하여 주시기 바랍니다. 2026년 6월 16일 <주무부처> 부총리 겸 과학기술정보통신부 장관 배 경 훈 <전문기관> 한국연구재단 이사장 홍 원 화 · 첨부파일 [공고문] 2026년도 하반기 원자력정책연구사업 공고문.hwp 붙임1. 2026년도 하반기 원자력정책연구사업 과제제안서.hwpx 붙임2. 연구개발계획서 양식.zip · 문의처 담당부서 : 원자력단 | 담당자 : 박태진 | 연락처 : 042-869-7819 담당부서 : 거대인프라방사선단 | 담당자 : 양보라 | 연락처 : 042-869-7807 ※ 자세한 내용은 첨부파일 참조 및 문의처로 문의하여 주시기 바랍니다. 목록 다음글 2026년 신규병역지정업체 신청 및 2027년 전문연구요원 필요인원 신청 알림 이전글 2026년 한국 이공계 여성대학원생 미국 연수프로그램 신규과제 공고,2026-09-15T12:05:34,2026-09-20T23:58:46
한국연구재단:272832,한국연구재단,2026년 한국 이공계 여성대학원생 미국 연수프로그램 신규과제 공고,과학기술정보통신부,한국연구재단,"국제화기반조성사업, 국가간협력기반조성사업",,2026-05-13,,접수마감,2026-05-13,2026-06-30,0,,https://www.nrf.re.kr/biz/notice/view?ac=view&menuNo=362&postNo=272832&bizNo=52," 과학기술정보통신부 공고 제2026–0579호 2026년 한국 이공계 여성대학원생 미국 연수프로그램 공모 과학기술정보통신부에서는 미국 연수를 통해 여성 신진 연구자들의 연구 활동 증진과 이공계 진출을 촉진하기 위하여 한국 이공계 여성대학원생 미국 연수프로그램을 다음과 같이 공모하오니 관심 있는 분들의 많은 참여 바랍니다. 2026년 5월 13일 <주무부처> 부총리 겸 과학기술정보통신부 장 관 배 경 훈 <전문기관> 한국연구재단 이사장 홍 원 화 · 첨부파일 (붙임2)제출서류양식_vf.zip (붙임1)2026년 한국 이공계 여성대학원생 미국 연수프로그램 신규과제 공모 공고문.pdf · 문의처 문의분야 : 사업문의 | 담당부서 : 미주아시아협력팀 | 담당자 : 윤지원 | 연락처 : 0234605703 문의분야 : 사업문의 | 담당부서 : 미주아시아협력팀 | 담당자 : 홍연희 | 연락처 : 0234605705 ※ 자세한 내용은 첨부파일 참조 및 문의처로 문의하여 주시기 바랍니다. 목록 다음글 2026년도 하반기 원자력정책연구사업 공고 이전글 2026-2027년도 양자연구교류지원사업(베트남, 벨기에, 브라질, 스위스, 체코, 태국, 튀르키예, 프랑스) 신규과제 공모",2026-09-15T12:05:38,2026-09-20T23:58:46
한국연구재단:274393,한국연구재단,2026년도 제2차 범부처 첨단 의료기기 연구개발사업 신규지원 대상과제 공고,,한국연구재단,미래유망원천기술개발 > 바이오·의료기술개발사업 > 범부처 첨단 의료기기 연구개발 사업,,2026-06-01,,접수마감,2026-06-09,2026-06-29,0,,https://www.nrf.re.kr/biz/notice/view?ac=view&menuNo=362&postNo=274393&bizNo=719," 범부처의료기기연구개발사업단 공고 제 2026-03 호 2026 년도 제 2 차 범부처 첨단 의료기기 연구개발사업 신규지원 대상과제 공고 2026년도 범부처 첨단 의료기기 연구개발사업(①글로벌 플래그십 의료기기 개발, ②의료기기 코어기술 및 제품개발, ③의료현장 진입 역량 강화) 신규지원 대상과제를 다음과 같이 공고하오니 동 사업에 참여를 희망하는 기관(기업) 등은 관련 규정 및 절차에 따라 신청하여 주시기 바랍니다. 2026 년 5 월 29 일 ( 재 ) 범부처의료기기연구개발사업단장 □ 공고 및 접수 ◦ 공고 및 신청기간 공고기간 연구개발과제 신청 ( 전산입력 ) 접수개시 연구개발과제 접수 ( 전산입력 ) 마감일시 주관연구개발기관 기관승인 마감일시 2026.5.29.(금) ∼ 2026.6.29.(월) 2026.6.9.(화) 10:00부터 2026.6.29.(월) 16:00까지 2026.6.30.(화) 16:00까지 - 과제접수 마감일 16:00까지 모든 과제 정보의 전산입력 완료 및 제출서류(연구개발계획서 및 첨부서류)를 업로드하여 ‘제출완료’인 과제만 접수하는 것을 원칙으로 하며, 주관연구개발기관의 기관담당자 제출승인이 완료되어야 함(마감일 16:00 이후 접수 및 전자인증 절대 불가함) - 전산정보 입력 시 관련 온라인매뉴얼(www.iris.go.kr) 참고(붙임3 참고) -전산시스템에 입력 중이더라도 과제접수(전산입력) 마감일의 종료시간(16시)이 지나면 과제 ‘미접수’로 간주함 □ 지원내용 구분 지원내용 ( 내역사업명 ) RFP 유형 RFP 관리번호 연구개발과제별 지원규모 및 연구개발기간 1내역 글로벌 플래그십 의료기기 개발 ①플래그십 2026-1-2 -플래그십-4 상세사항은 연구개발과제별 RFP(붙임1) 상세 내역 참고 2내역 의료기기 코어기술 및 제품개발 ⑤필수의료기기 2026-2-2 -필수의료기기-8 3내역 의료현장 진입 역량 강화 ⑥임상시험 2026-3-1 -임상시험-3 ⑧국제표준 2026-3-2 -국제표준-5 ◦ 과제접수 유의사항 IRIS 회원가입, 전산정보 입력 및 제출서류 업로드 시 최소 하루 이상 소요될 수 있으며 과제접수 마감일에 접속 과부하로 인하여 접수가 지연되거나 장애가 발생할 수 있으므로 과제접수 마감일 이틀 전에 과제 접수 완료하는 것을 권장함 . 또한, 접수 마감일 16 시 이후 접수 불가 ◦ 접수 방법 - 연구개발계획서 및 첨부 자료 양식은 범부처통합연구지원시스템( www.iris.go.kr) 및 범부처의료기기연구개발사업단 홈페이지(kmdf.org)에서 다운로드하여 작성 ‘제출서류 목록(붙임2 참고)’을 확인한 후 ‘제출서류_RFP 유형별 서식(붙임5 참고)’ 작성하여 범부처통합연구지원시스템 R&D업무포털(www.iris.go.kr)에 업로드 하여야 함 □ 문의처 담당업무 전화번호 과제 전산접수(시스템 입력) 관련 1877-2041 (범부처통합연구지원시스템) 공고 및 평가 관련 02-6328-0336 02-6328-0346 RFP관련 내용문의 1내역 글로벌 플래그십 의료기기 개발 02-6328-0340 2내역 의료기기 코어기술 및 제품개발 02-6328-0352 02-6328-0345 3내역 의료현장 진입 역량 강화 02-6328-0363 02-6328-0332 ※ 문의전화 폭주로 전화 연결이 원활하지 않을 수 있음(반드시 공고문 등을 확인 후 질의 요망) · 첨부파일 2026년 제2차 범부처 첨단 의료기기 연구개발사업 신규지원 대상과제 공고문.pdf 붙임1. 2026년 제2차 범부처 첨단 의료기기 연구개발사업 신규지원 대상과제 RFP.pdf · 문의처 담당부서 : 뇌ㆍ첨단의공학단 | 담당자 : 고성조 | 연락처 : 042-869-7758 ※ 자세한 내용은 첨부파일 참조 및 문의처로 문의하여 주시기 바랍니다. 목록 다음글 2026-2027년도 양자연구교류지원사업(베트남, 벨기에, 브라질, 스위스, 체코, 태국, 튀르키예, 프랑스) 신규과제 공모 이전글 2026년 반도체 글로벌 첨단 팹 연계활용사업 하반기 해외(Imec) 인턴십 연수생 선정 공고 안내",2026-09-15T12:05:41,2026-09-20T23:58:46
한국연구재단:275194,한국연구재단,2026년도 극한부품 시험입증지원사업(Track형 실증지원) 신규과제 재공모,,한국연구재단,미래유망원천기술개발 > 첨단융합기술개발사업 > 극한부품 시험입증 지원사업,,2026-06-11,,접수마감,2026-06-11,2026-06-22,0,,https://www.nrf.re.kr/biz/notice/view?ac=view&menuNo=362&postNo=275194&bizNo=651," 과학기술정보통신부 공고 제 2026 – 687 호 ​ ​ 2026 년도 극한부품 시험입증지원사업 (Track형 실증지원 ) ​ 신규과제 재공모 과학기술정보통신부에서 추진하는 「 2026 년 극한부품 시험입증지원사업(Track형 실증지원) 」 의 신규과제를 아래와 같이 재공모하오니 관심 있는 연구자 들의 많은 참여 바랍니다 . 2026 년 6 월 11 일 < 주무부처 > 부총리 겸 과학기술정보통신부 장관 배 경 훈 < 전문기관 > 한국연구재단 이사장 홍 원 화 · 첨부파일 [공고문] 2026년 극한부품 시험입증지원사업(Track형 실증) 신규과제 재공고.pdf 붙임1 2026년 극한부품 시험입증지원사업 신규과제 과제제안요구서(RFP).pdf 붙임2 연구개발계획서(양식).zip 붙임3 별첨자료 양식.hwp 붙임4 (참고자료) IRIS 매뉴얼, TRL 기준 등.zip · 문의처 담당부서 : 공공기술단 | 담당자 : 최효석 | 연락처 : 042-869-7795 ※ 자세한 내용은 첨부파일 참조 및 문의처로 문의하여 주시기 바랍니다. 목록 다음글 2026년도 연구안보 역량강화 지원사업 신규과제 공모 이전글 2026년도 미래국방가교기술개발사업 신규과제 재공모",2026-09-15T12:05:45,2026-09-20T23:58:46
한국연구재단:275129,한국연구재단,2026년도 미래국방가교기술개발사업 신규과제 재공모,과학기술정보통신부,한국연구재단,미래유망원천기술개발 > 첨단융합기술개발사업 > 미래국방가교기술개발,,2026-06-11,수정공고,접수마감,2026-06-11,2026-06-22,0,,https://www.nrf.re.kr/biz/notice/view?ac=view&menuNo=362&postNo=275129&bizNo=616," 과학기술정보통신부 공고 제2026 – 680호 방위사업청 공고 제2026 – 73호 2026년도 미래국방가교기술개발사업 신규과제 재공모 과학기술정보통신부와 방위사업청에서 추진하는「미래국방가교기술개발사업」의 신규과제를 아래와 같이 재공모하오니 관심 있는 연구자들의 많은 참여 바랍니다. 2026년 6월 11일 <주무부처> 부총리 겸 과학기술정보통신부 장관 배 경 훈 <주무부처> 방위사업청 청장 이 용 철 <전문기관> 한국연구재단 이사장 홍 원 화 · 첨부파일 [공고문] 2026년도 미래국방가교기술개발사업 신규과제 재공고문.hwpx [공고문] 2026년도 미래국방가교기술개발사업 신규과제 재공고문.pdf 붙임1 과제제안요구서(RFP).pdf 붙임2 연구개발계획서(양식).zip 붙임3 별첨자료(양식).zip 붙임4 (참고자료) IRIS 매뉴얼, TRL 기준 등.zip · 문의처 담당부서 : 공공기술단 | 담당자 : 손연주 | 연락처 : 042-869-7792 ※ 자세한 내용은 첨부파일 참조 및 문의처로 문의하여 주시기 바랍니다. 목록 다음글 2026년도 극한부품 시험입증지원사업(Track형 실증지원) 신규과제 재공모 이전글 2026년도 「양자컴퓨팅기반양자이득도전연구」사업 신규과제 공모",2026-09-15T12:05:49,2026-09-20T23:58:46
한국연구재단:273220,한국연구재단,2026년도 학술지평가(학술지인증) 신청 공고,,한국연구재단,인문사회분야 학술연구지원사업 > 학술활동 및 연구윤리활동 > 학술지평가,,2026-05-19,,접수마감,2026-05-28,2026-06-16,0,,https://www.nrf.re.kr/biz/notice/view?ac=view&menuNo=362&postNo=273220&bizNo=8," < 안내 사항/2026.6.5., 2026.7.10. > ㅇ 학술지인증 내용평가(정성평가) 항목 중, ""6. 연구(출판)윤리 강화 활동의 구체성 및 엄정성"" 항목의 세부 평가항목 및 평가 착안점 중 일부 내용에 대해 아래와 같이 추가 안내드립니다. 1) 세부항목 중 ""AI 윤리 규정의 적절성""과 관련하여, 신청 마감일(2026.6.16.) 기준, AI 윤리 규정 제정이 완료되지 않은 경우, 내용평가 설명자료 작성 시 AI 윤리 규정 제정 계획을 기재할 수 있으며, 해당 내용은 평가에 반영될 예정입니다. ※ 신청 마감일 기준으로 AI 윤리 규정 제정이 완료된 학회는 해당 규정의 내용을, 해당 규정 제정이 완료되지 않은 학회는 AI 윤리 규정 반영을 위한 학회 측의 대응 현황 및 향후 반영 계획 등을 중점적으로 기재 요망 2) 평가 착안점 중, ""사람, 동물, 세포를 대상으로 하는 논문을 포함하여 발행하는 학술지에 해당하는 경우 젠더혁신정책 투고 규정을 반영하고 있는가?""라는 내용에 관한 질의가 많아, 아래와 같이 추가 안내를 드립니다. 해당 착안점은 성별 특성을 반영한 국제적 학술연구 흐름과 연계하여 학술지평가 신청요강에 포함되기 시작한 것으로, 특정 성별 정책(또는 특정 규정)의 요구 또는 권장과는 관련이 없습니다. 이는 당시 연구개발 과정에서 특정 성별을 중심으로 실험이 진행될 경우 해당 연구 효과가 특정 성별에게만 효능을 보이는 등 불완전한 지식 및 기술이 창출되는 경우가 발생하여, 학문 분야를 불문하고, ""사람, 동물, 세포 등을 대상으로 하는 모든 연구""에서 성별 편향으로 인한 데이터 왜곡을 방지하고 연구 결과의 학술적 타당성을 높이기 위해, 학회 자체규정 중에 성별 등 특성을 고려하고 사회적 가치를 증진시키기 위한 내용을 담고 있는지, 학술지평가 시 착안 요소 중 하나로 살펴볼 수 있도록 제시된 것입니다. 따라서 본 평가 착안점은 학술활동 수행 과정에서 성별 요소가 연구 결과에 직·간접적인 영향을 미치는 경우, 학회가 자체 규정을 통해 데이터의 객관성을 확보하도록 장려하는 순수한 학술적 기준에 따른 안내사항이며, 단순히 관련 규정의 유무에 따라 학술지평가의 당락이 결정되지 않음을 함께 안내드립니다. < 안내 사항/2026.5.29. > ㅇ e-R&D 웹사이트 전산 작업으로 인해 KCI 접속이 아래에 안내된 시간 동안 불가할 수 있으므로 참고하시기 바랍니다. - 접속 불가 일시: 2026.05.29.(금) / 18:30 ~ 21:00 - 접속 불가 내용: e-R&D 시스템 및 KCI 사업신청 메뉴 < 수정 공지 > ㅇ 수정일시(2026.06.04./18:40): (양식 2) 2026년도 학술지인증 내용평가 설명자료 양식 머리말 정정 - 수정자료: (양식 2) 2026년도 학술지 내용평가 설명자료 양식 - 수정내용: 머리말 정정(학술지 재인증평가 내용평가 설명자료 → 학술지인증 내용평가 설명자료) ㅇ 수정일시(2026.05.27./16시): (양식 3) 2026년도 학술지인증 논문투고대장 작성방법 추가 안내 - 수정자료: (양식 3) 2026년도 학술지인증 논문투고대장 - 수정내용: 심사자 심사결과 작성 방법 추가 안내(심사자의 심사결과는 ""게재가"", ""게재불가"", ""수정후재심"", ""수정후게재"" 중 택1하여 작성 가능) ㅇ 수정일시(2026.05.20./18시): 등재인증/등재 재인증 신청요강 정정 - 수정자료: 등재인증 신청요강 p.1, p2 / 등재 재인증 신청요강 p.1, p.2 - 수정내용: 제출서류 종 수 명확화(6종 → 5종) ㅇ 수정일시(2026.05.18./17시): 등재후보인증/등재인증/등재 재인증 신청요강 오기사항 정정 - 수정자료: 등재후보인증 신청요강 p.52 / 등재인증 신청요강 p.53 / 등재 재인증 신청요강 p.54 - 수정내용: 4. 세부항목별 등급(배점) 부여기준 [표] 내 세부 항목 오기 정정 2026 년도 학술지인증 ( 舊 학술지평가 ) 신청요강을 아래와 같이 공고합니다 . □ 인증 목적 ㅇ 국내 학술지의 관리체계 확보를 통해 학술지의 질적 수준 유지 ㅇ 연구자들의 연구경쟁력 제고 및 연구성과의 공유 활성화 ㅇ 국내 우수 학술지의 국제경쟁력 강화에 기여 □ 인증 대상: 세부내용 유형별 신청요강( [ 붙임 1~5] ) 참조 ㅇ ( 등재후보인증 ) 일반학술지 중 등재후보인증 신청자격을 충족하는 학술지 ※ 등재후보인증에 2년 연속하여 탈락한 학술지는 1년간 등재후보인증 신청 불가 ㅇ ( 등재인증 ) 등재인증 시기가 도래한 등재후보학술지 ㅇ ( 등재 재인증 ) 등재 재인증 시기가 도래한 등재학술지 또는 우수등재학술지 ㅇ ( 해외 DB 연계 인증 ) 해외DB연계 인증 주기가 도래한 등재학술지 또는 해외 학술지 DB(SCIE, SSCI, A&HCI, SCOPUS로 한정)에 등재된 학술지 중 해외DB연계 인증을 통해 등재학술지 등급을 취득하려는 학술지 ※ ’26년도 학술지인증 시기가 도래한 KCI 등재지 목록은 [ 붙임 6] 참조 □ 신청 방법: 온라인 신청 ※ 온라인 신청 세부방법 [ 붙임 7] 참조 ※ 신청 시 제출된 자료의 오류 또는 미비 등 신청 자료의 결함에 따른 모든 책임은 신청기관에 있으므로 주의 □ 신청 기간: 2026.05.28.( 목 ) 14 시부터 2026.06.16.( 화 ) 18 시까지 (20 일간 ) ※ (기한 엄수) 기한 내 온라인 신청 및 자료제출이 모두 완료된 건에 한하여 신청 접수 인정 ※ 온라인 신청 마감일 18시에 접속이 일괄 차단되므로 반드시 18시 이전까지 접수 완료 □ 기타 안내사항 ㅇ 기존 학술지평가 명칭이 아래와 같이 변경되었으므로 학술지인증 신청 시 참고 - 학술지평가 → 학술지인증 - 신규평가 → 등재후보인증 - 계속평가 → 등재인증 - 재인증평가 → 등재 재인증 - 해외DB학술지 평가 → 해외DB연계 인증 ㅇ 신청 자료에 대한 모든 책임은 신청기관에 있으며, 신청 자료의 오류 또는 미비에 관하여 한국연구재단 차원의 안내는 없으므로 학술지인증 신청 시 주의 ㅇ 신청양식 작성 과정에서 생성형 AI도구를 사용하는 경우, AI도구가 활용되어 작성된 내용 상단에 [AI 도구 사용 ] 문구 기재 ㅇ 붙임의 zip파일이 열리지 않는 경우에는 파일을 다운받은 후 알집/반디집 등의 압축 전문 프로그램 최신버전을 다운받아 해제조치 후 열람 □ 2026년도 학술지인증 신청 양식 중 일부 면제 안내 ㅇ 면제 대상: 2025년 등재후보학술지였으나, 현재 등재후보학술지 등급이 취소된 일반학술지 ㅇ 면제 내용: 신청 양식 중, ➏ 평가 대상 기간 내 발행된 전체 학술지 발행본 PDF 파일"" 제출 면제 □ 추진 계획 ㅇ 2026. 6월~11월: 학술지인증에 관한 평가 실시 ㅇ 2026.12월: 학술지인증 결과 발표 ※ 상기 일정은 추진 상황에 따라 일부 변동 가능 □ 문의처 ㅇ 신청요강 및 심사 관련 문의 - 학술연구기반지원팀: 042-869-6778~9, 6836~9, 6832~5 / journal@nrf.re.kr ㅇ KCI 기관정보 변경, 논문등록 문의 - 연구데이터분석팀: 042-869-6674, 6676/ society@nrf.re.kr ㅇ 전산 관련 문의 (연구과제신청, 한국연구자정보(KRI), 전산장애 등) - AI정보혁신총괄팀: 042-869-7744 ㅇ 국립중앙도서관 학술지 저작권 안내 시스템(KJCI) - OAK 사무국: 042-861-1976 · 첨부파일 (붙임 1) 2026년도 등재후보인증(신규평가) 신청요강.pdf (붙임 2) 2026년도 등재인증(계속평가) 신청요강.pdf (붙임 3) 2026년도 등재 재인증(재인증평가) 신청요강.pdf (붙임 4) 2026년도 해외DB연계 인증(해외DB학술지 평가) 신청요강.pdf (붙임 5) 2026년도 학술지인증 제출 서류 양식.zip (붙임 6) 2026년도 학술지인증 대상 목록.pdf (붙임 7) 2026년도 학술지인증 접수 매뉴얼.pdf (붙임 8) 2026년도 학술지인증 신청 관련 FAQ.pdf · 문의처 담당부서 : 학술연구기반지원팀 | 담당자 : 유주현 | 연락처 : 0428696835 ※ 자세한 내용은 첨부파일 참조 및 문의처로 문의하여 주시기 바랍니다. 목록 다음글 2026년도 한-중 공동연구 신규과제 공모 이전글 2026년도 바이오·의료기술개발사업 첨단바이오 연구교류 프로그램 2차 공고",2026-09-15T12:05:54,2026-09-20T23:58:46
한국연구재단:274738,한국연구재단,2026년도 바이오·의료기술개발사업 첨단바이오 연구교류 프로그램 2차 공고,,한국연구재단,미래유망원천기술개발 > 바이오·의료기술개발사업,,2026-06-05,,접수마감,2026-05-15,2026-06-15,0,,https://www.nrf.re.kr/biz/notice/view?ac=view&menuNo=362&postNo=274738&bizNo=664," 2026년도 바이오·의료기술개발사업 첨단바이오 연구교류 프로그램 2차 공고 과학기술정보통신부가 지원하는 바이오·의료기술개발사업(바이오혁신기반조성) 첨단바이오 기술·인력 교류 지원사업(RFP A9-24-1-05)의 주관기관으로 선정된 KOBRA 첨단바이오 연구협력센터 (KOBRA, Korea Bio Research Association)에서는 첨단바이오 분야의 글로벌 수준의 연구경쟁력을 갖추기 위하여 국제연구교류 프로그램을 다음과 같이 공고하오니, 프로그램을 수행하고자 하시는 해당 분야 연구자께서는 신청하여 주시기 바랍니다. 2026년 5월 15일 KOBRA 첨단바이오 연구협력센터장 우현구 · 첨부파일 KOBRA 2026년 바이오·의료기술개발사업_첨단바이오 연구교류 프로그램 2차 공고.hwp 01_KOBRA-WS 프로그램 신청서 양식.hwp 02_KOBRA-TA 프로그램 신청서 양식.hwp · 문의처 담당부서 : 차세대바이오단 | 담당자 : 노영석 | 연락처 : 042-869-7826 ※ 자세한 내용은 첨부파일 참조 및 문의처로 문의하여 주시기 바랍니다. 목록 다음글 2026년도 학술지평가(학술지인증) 신청 공고 이전글 2026년도 차세대 AI+S&T 기반기술 개발(R&D)사업 신규과제 공고",2026-09-15T12:05:58,2026-09-20T23:58:46
한국연구재단:274787,한국연구재단,2026년도 5차 바이오·의료기술개발사업(첨단GW바이오) 신규과제 사전공고 내역 및 연구자의견수렴 안내(차세대바이오단 소관),,한국연구재단,미래유망원천기술개발 > 바이오·의료기술개발사업 > 바이오·의료기술개발사업,,2026-06-05,,접수마감,2026-06-05,2026-06-11,0,,https://www.nrf.re.kr/biz/notice/view?ac=view&menuNo=362&postNo=274787&bizNo=104," 2026년도 바이오·의료기술개발사업(첨단GW바이오) 신규과제에 대한 사전공고를 통하여 산·학·연·병 전문가의 다양한 의견을 수렴하여 반영하고자 하오니 관심 있는 분들의 많은 참여 부탁드립니다. □ 2026년도 5차 바이오·의료기술개발사업(첨단GW바이오) 신규과제 사전공고 목록 ㅇ RFP명 - 차세대 식물 엑소좀 기술 개발 및 실증 연계 핵심 거점 구축 사업 □ 사전공고 및 의견수렴 문의처 ㅇ 차세대바이오단 : 노영석(042-869-7826, ysnoh@nrf.re.kr) ㅇ 차세대바이오단 : 김다혜(042-869-7825, mm733100@nrf.re.kr) □ 연구자 의견수렴 일정 안내 ㅇ 연구자 의견수렴 일정 - 2026.6.5.(금) ~ 6.11.(목) 13:00 온라인 접수 ㅇ 접수 방법 - 기획마루(https://plan.nrf.re.kr) 접속 및 로그인 → [참여마당]-[사전공고 의견수렴] 선택 → 해당 과제 제안요구서 의견 접수 ※ 세부 내용 및 과제제안요구서는 첨부된 파일을 참고하여 주시기 바랍니다. · 첨부파일 붙임. 2026년도 5차 바이오·의료기술개발사업(첨단GW바이오) 신규과제 사전공고 내역.hwp · 문의처 담당부서 : 차세대바이오단 | 담당자 : 노영석 | 연락처 : 042-869-7826 담당부서 : 차세대바이오단 | 담당자 : 김다혜 | 연락처 : 042-869-7825 ※ 자세한 내용은 첨부파일 참조 및 문의처로 문의하여 주시기 바랍니다. 목록 다음글 2026년도 차세대 AI+S&T 기반기술 개발(R&D)사업 신규과제 공고 이전글 2026년도 바이오·의료기술개발 사업 제4차 신규과제 재공모",2026-09-15T12:06:02,2026-09-20T23:58:46
한국연구재단:274429,한국연구재단,2026년도 바이오·의료기술개발 사업 제4차 신규과제 재공모,과학기술정보통신부,한국연구재단,"미래유망원천기술개발, 바이오·의료기술개발사업",,2026-06-01,,접수마감,2026-06-01,2026-06-10,0,,https://www.nrf.re.kr/biz/notice/view?ac=view&menuNo=362&postNo=274429&bizNo=663," 과학기술정보통신부 공고 제2026 – 0658호 2026년도 바이오·의료기술개발 사업 제4차 신규과제 재공모 과학기술정보통신부가 추진하는 「바이오·의료기술개발 사업」의 제4차 신규과제를 아래와 같이 재공모하오니 관심 있는 연구자들의 많은 참여 바랍니다. 2026년 6월 1일 <주무부처> 부총리 겸 과학기술정보통신부 장관 배 경 훈 <전문기관> 한국연구재단 이사장 홍 원 화 내역사업명 RFP 관리번호 RFP 수 선정예정 과제수 당해 연구비 ( 억원 ) 바이오혁신기반조성 ○ 2026-차세대바이오-04-지정공모-01(분야2: 그린/화이트 바이오) 1 2개 내외 3.675 합계 1 2 개 내외 3.675 □ 문의처 : 문의 사항별 담당 부서가 다르므로 문의처 구분 확인 요망 구분 RFP 관리번호 담당부서 연락처 이메일 IRIS 시스템 관련 문의 IRIS 콜센터(1877-2041) 또는 IRIS 홈페이지 사용문의 게시판 활용 RFP, 접수 , 양식 관련 문의 2026-차세대바이오-04-지정공모-01 차세대바이오단 042-869-7720 nrfbio2@nrf.re.kr 평가 관련 문의 2026-차세대바이오-04-지정공모-01 국가전략사업 평가1팀 042-869-7762 ksy9295@nrf.re.kr · 첨부파일 2026년도 바이오·의료기술개발 사업 제4차 신규과제 재공모 공고문.hwpx 붙임. 양식 및 안내 등 관련 자료.zip · 문의처 담당부서 : 차세대바이오단 | 담당자 : 노영석 | 연락처 : 042-869-7826 ※ 자세한 내용은 첨부파일 참조 및 문의처로 문의하여 주시기 바랍니다. 목록 다음글 2026년도 5차 바이오·의료기술개발사업(첨단GW바이오) 신규과제 사전공고 내역 및 연구자의견수렴 안내(차세대바이오단 소관) 이전글 2026년 극한부품 시험입증지원사업(Track형 실증) 신규과제 공모",2026-09-15T12:06:11,2026-09-20T23:58:52
HT Dream:8886,HT Dream,「2026년 핵심인재 글로벌 브릿지 연수 프로그램 수행기관 모집」 2차 공고 안내,보건복지부,한국보건산업진흥원,,핵심인재 글로벌 브릿지 연수 프로그램,2026-09-10,,,2026-09-10,2026-09-30,0,,https://www.htdream.kr/main/pubAmt/PubAmtList.do,"「2026년 핵심인재 글로벌 브릿지 연수 프로그램 수행기관 모집」 2차 공고 보건복지부 및 한국보건산업진흥원은 바이오헬스 분야 인재-기술-산업 연결 생태계의 글로벌화 촉진 및 의과학 미래 인재 육성 을 위해 ‘ 핵심인재 글로벌 브릿지 연수 프로그램 ’을 추진하고자 합니다. 이에, 2026년 연수 프로그램 수행기관을 아래와 같이 공모하오니 관심 있는 기관의 많은 참여 바랍니다. 가 공 고 명 ○ 2026년 핵심인재 글로벌 브릿지 연수 프로그램 수행기관 모집 2차 공고 나 공고기간 ○ 2026년 9월 10일(목) ~ 30일(수) 15시 까지 다 제출방법 ○ [붙임1] 사업신청서(날인된 PDF 및 한글 파일) 및 발표자료 이메일(kbioleap@khidi.or.kr) 제출 라 사업개요 ○ (지원기간) ’26년 협약 체결일로부터 ’27.2.28.까지 ○ (지원내용) 연수프로그램 기획 및 운영에 소요되는 경상경비 지원(연수생 해외 연수 경비 포함) ○ (지원분야) 신경과학, 의료AI, 유전학, 정밀의료 등 의사과학자 연구 수요가 높은 분야, 해외 연구동향 및 최신 연구기법 등 미래 의과학 인재 양성에 필요한 연구 분야 등을 고려하여 기관에서 자유롭게 연수 프로그램 구체화 가능 ○ (수행기관) 바이오헬스 분야 해외 연구기관 방문 연수 프로그램 운영이 가능한 의과학 분야 대학원 * 노벨상 수상자 등 세계적으로 우수한 석학과 교류할 수 있는 연수 프로그램 운영이 가능한 대학원 ** 기 구축된 네트워크 또는 신규 협력을 통해 연내 연수 프로그램 운영이 가능한 기관 ○ (연수대상) 의사과학자 진로 수요가 있는 의과대학 학부생 또는 학위과정에 참여 중인 대학원생 * 의과대학 학부생 또는 MD 면허 소지자가 연수생의 50% 이상 이어야 함 ○ (지원규모) 대학원 4개소 선정, 기관별 연간 5인 이상 연수 지원 * 대학원에서 학부생 연수 통합 지원 ‘26년 지원분야 선정규모 ‘26년 국고보조금 핵심인재 글로벌 브릿지 연수 프로그램 4개 기관 기관별 1.5억원 이내",2026-09-15T12:06:15,2026-09-20T23:58:56
HT Dream:8866,HT Dream,2026년 핵심인재 글로벌 브릿지 연수 프로그램 (중개연구 사업화 트랙) 연수생 모집 공고,보건복지부,한국보건산업진흥원,,한국보건산업진흥원 공고 제 2026-248호,2026-08-05,,,2026-08-05,2026-08-25,0,,https://www.htdream.kr/main/pubAmt/PubAmtList.do,"◎ 한국보건산업진흥원 공고 제 2026-248호 2026년 핵심인재 글로벌 브릿지 연수 프로그램 (중개연구 사업화 트랙) 연수생 모집 공고 보건복지부 및 한국보건산업진흥원은 바이오헬스 분야 인재 - 기술 - 산업 연결 생태계의 글로벌화 촉진 및 의과학 미래 인재 육성을 위해 ‘ 핵심인재 글로벌 브릿지 연수 프로그램 ’ 을 추진 중에 있습니다 . 이와 관련하여 , 스위스 바젤 지역의 중개연구 기반 사업화 생태계 학습을 통해 연구에서 사업화 과정을 경험할 수 있도록 아래와 같이 ‘ 중개연구 사업화 트랙 ’ 연수프로그램을 공고하오니 많은 관심과 참여 바랍니다 . 2026 년 8 월 3 일 한국보건산업진흥원장 □ 사업 개요 ○ ( 사업목적 ) 연구성과를 실제 의료현장에서 활용 가능한 기술과 산업으로 연결 하는 글로벌 혁신 생태계를 경험함으로써 연구자의 연구 스펙트럼을 확대하고 , 연구기획부터 사업화까지 연결할 수 있는 역량을 갖춘 핵심인재로 양성 ○ ( 주요내용 ) 로슈 , 노바티스 등의 글로벌 제약사 , 메디테크 및 디지털헬스 분야 인프라가 집적된 스위스 바젤 지역에서 4 주간의 맞춤형 연수 프로그램을 통해 글로벌 시장의 중개의학 전주기를 경험하고 연구 성과의 사업화 역량 함양 지원 □ 연수 개요 ○ ( 연수국가 및 도시 ) 스위스 , 바젤지역 등 ○ ( 연수대상 ) 중개의학 분야 대학 ( 원 ) 생 , 박사후연구원 또는 젊은 의 ( 사 ) 과학자 ( 총 12 명 ) * 연수생은 2026년 12월 말까지 만 40세 미만인 자에 한함(1986년 1월 1일 이전 출생자 제외) ○ ( 연수기간 ) 2026 년 10 월말 ~ 11 월말 , 총 4 주간의 연수 프로그램 참가 * (4주 프로그램) 2026. 11. 2.(월) ~ 11. 27.(금) 기간 동안 운영 예정 ○ ( 지원규모 ) 연수 프로그램 참가에 필요한 필수 경비 지원 * (포함사항) 프로그램 수업료, 왕복 항공편, 현지 지정 숙소 등(주관기관에서 직접 경비 집행) * (불포함사항) 프로그램 참가 외 소요되는 개인 경비 등 자부담",2026-09-15T12:06:17,2026-09-20T23:58:56
HT Dream:8847,HT Dream,2026년도 제2차 범부처 첨단 의료기기 연구개발사업 신규지원 대상과제 재공고,보건복지부,한국보건산업진흥원,,범부처의료기기연구개발사업단 공고 제2026-04호,2026-07-01,,,2026-07-01,2026-07-09,0,,https://www.htdream.kr/main/pubAmt/PubAmtList.do,"◎ 범부처 첨단 의료기기 연구개발사업단 공고 제2026-04호 2026년도 제2차 범부처 첨단 의료기기 연구개발사업 신규지원 대상과제 재공고 2026 년도 범부처 첨단 의료기기 연구개발사업 ( 의료 기기 코어기술 및 제품개발 ) 신규지원 대상과제를 다음과 같이 재공고 하오니 동 사업에 참여를 희망하는 기관 ( 기업 ) 등은 관련 규정 및 절차에 따라 신청하여 주시기 바랍니다 . 2026년 7월 1일 (재)범부처의료기기연구개발사업단장 □ 공고 및 접수 ◦ 공고 및 신청기간 공고기간 연구개발과제 신청(전산입력) 접수개시 연구개발과제 접수(전산입력) 마감일시 주관연구개발기관 기관승인 마감일시 2026.7. 1.(수) ∼ 2026.7.9.(목) 2026.7.3.(금) 10:00부터 2026.7.9(목) 16:00까지 20 26.7.10.(금) 16:00까지 - 과제접수 마감일 16:00까지 모든 과제 정보의 전산입력 완료 및 제출서류 (연구 개발 계획서 및 첨부서류)를 업로드하여 ‘제출완료’인 과제만 접수하는 것을 원칙으로 하며, 주관연구개발기관의 기관담당자 제출승인이 완료되어야 함 ( 마감일 16:00 이후 접수 및 전자 인증 절대 불가함 ) - 전산정보 입력 시 관련 온라인매뉴얼(www.iris.go.kr) 참고(붙임3 참고) - 전산시스템에 입력 중이더라도 과제접수(전산입력) 마감일의 종료시간(16시)이 지나면 과제 ‘미접수’로 간주함 □ 지원내용 구분 지원내용 ( 내역사업명 ) RFP 유형 RFP 관리번호 연구개 발과제별 지원규모 및 연구개발기간 2 내역 의료기기 코어기술 및 제품개발 ⑤ 필수의료기기 2026-2-2 - 필수의료기기 -8 상세사항 은 연구개발과제별 RFP ( 붙임 1) 상세 내역 참고 ◦ 과제접수 유의사항 IRIS 회원가입, 전산정보 입력 및 제출서류 업로드 시 최소 하루 이상 소요될 수 있으며 과제접수 마감일에 접속 과부하로 인하여 접수가 지연되거나 장애가 발생할 수 있으므로 과제접수 마감일 이틀 전에 과제 접수 완료하는 것을 권장함 . 또한, 접수 마감일 16시 이후 접수 불가 ◦ 접수 방법 - 연구개발계획서 및 첨부 자료 양식은 범부처통합연구지원시스템( www.iris.go.kr) 및 범부처의료기 기연구개발사업단 홈페이지(kmdf.org)에서 다운 로드하여 작성 - ‘제출서류 목록 (붙임2 참고) ’ 을 확인한 후 ‘제출서류_RFP 유형별 서식 (붙임5 참고) ’ 작성하여 범부처통합연구지원시스템 R&D업무포털(www.iris.go.kr) 에 업로드 하여야 함 □ 문의처 담당업무 전화번호 과제 전산접수(시스템 입력) 관련 1877-2041 (범부처통합연구지원시스템) 공고 및 평가 관련 02-6328-0336 02-6328-0346 RFP관련 내용문의 2내역 의료기기 코어기술 및 제품개발 02-6328-0340 ※ 문의전화 폭주로 전화 연결이 원활하지 않을 수 있음 ( 반드시 공고문 등을 확인 후 질의 요망 ) 범부처통합연구지원시스템(IRIS) 바로가기 Click",2026-09-15T12:06:18,2026-09-20T23:58:56
HT Dream:8828,HT Dream,2026년도 한국형 ARPA-H 프로젝트 신규지원 대상과제 통합공고,보건복지부,한국보건산업진흥원,,보건복지부 공고 제 2026-451호,2026-06-10,,,2026-06-10,2026-07-01,0,,https://www.htdream.kr/main/pubAmt/PubAmtList.do,"◎ 보건복지부공고 제2026-451호 2026년도 한국형 ARPA-H 프로젝트 신규지원 대상과제 통합공고 2 026년도 한국형 ARPA-H 프로젝트 신규 지원 대상과제 통합공고 를 다음과 같이 공고하니 해당 연구개발과제를 수행하고자 하는 자 는 관련 규정에 따라 신청하여 주시기 바랍니다. 2026년 6월 1일 보건복지부장관 정 은 경 □ 공고단위 안내 ※ 접수 전 반드시 확인해 주시기 바랍니다. ※ 과제접수 마감일 14:00까지 모든 과제 정보의 전산입력 완료 및 제출서류(연구계획서 및 첨부자료)를 업로드하여 ‘제출완료’인 과제만 접수하는 것을 원칙으로 함 (마감일 14:00이후 접수 및 전자인증 절대 불가함) ※ 2026년도 신규지원 대상과제는 IRIS(https://www.iris.go.kr)를 통해 과제신청, 평가및 관리업무를 진행합니다. * IRIS(Integrated R&D Information System): 각 부처 및 전문기관별로 운영하고 있던 시스템을 하나로 통합한 범부처통합연구지원시스템 임무중심 단위 RFP 번호 공고단위 (RFP명) 사업내용(RFP 안내) 평가일정/절차 안내 연구책임자 과제신청 (전산입력) 시작 일시 연구책임자 과제신청 (전산입력) 마감일시 주관연구개발기관 검토·승인 마감일시 담당자 연락처 (02 -2288 - ****) 담당자 연락처 (02 -2288 - ****) ① 보건 안보 1 장기 면역 유도 백신 플랫폼 개발 이제욱 6146 박윤아 6164 2026.6.10 (수) 14:00 2026.7.1(수 ) 14:00 2 잠복 감염 활성화 원천 차단 플랫폼 개발 이제욱 6146 성수인 6163 ② 미정복질환 3 AI·환자데이터 연계 희귀질환 정밀치료플랫폼 개발 및 실증 박미선 6143 박혜은 6177 ③ 바이오헬스 4 암 관리를 위한 혈액정화기술 개발 김재욱 6141 정민섭 6183 5 양자센싱 기반 초고감도/조기진단 기술개발 이창복 6144 정양임 6182 ④ 복지· 돌봄 6 뇌-컴퓨터 인터페이스 중심 노인 정신건강의 뇌 변화 데이터 추출체계 고도화와 최적화된 비중단중재방안 제공 플랫폼 개발 이승규 6139 윤승현 6167 7 고령층의 보이지 않는 고통의 가시화와 해결방안 한희철 6140 문채훈 6168 ⑤ 필수 의료 8 헬스케어 Agentic AI 오케스트레이션 플랫폼 개발 이창현 6133 연채은 6173 9 지역완결형 AI기반 암관리 통합 네트워크 구축 이창현 6133 이정태 6171 ○ 담당자 안내 - 과제 접수(시스템 입력) 관련 : 범부처통합연구지원시스템(1877-2041) ※ IRIS 콜센터 운영시간 : 09:00 ∼ 18:00 범부처통합연구지원시스템(IRIS) 바로가기 Click",2026-09-15T12:06:20,2026-09-20T23:58:56
HT Dream:8829,HT Dream,2026년도 제2차 국가신약개발사업 신규지원 대상과제 통합공고,보건복지부,한국보건산업진흥원,,국가신약개발재단 공고 제2026-02호,2026-06-04,,,2026-06-04,2026-07-01,0,,https://www.htdream.kr/main/pubAmt/PubAmtList.do,"2026년도 제2차 국가신약개발사업 신규지원 대상과제 통합공고 「2026년도 제2차 국가신약개발사업 신규지원 대상과제」를 다음과 같이 공고하오니, 해당 연구개발과제를 수행하고자 하는 기관은 관련 규정에 따라 신청 바랍니다. 2026년 6월 1일 국가신약개발사업단장  신청 방법: 범부처통합연구지원시스템(www.iris.go.kr) 공고단위(RFP) 접수기간 (전산입력기간) 연구책임자 과제신청 (전산입력) 마감일시 주관연구개발기관 기관담당자 승인 마감일시 신약 기반 확충 연구 (유효물질, 선도물질) 2026.6.18.(목) 09:00 ~ 2026.7.1.(수) 14:00 2026.7.1.(수) 14:00 * 마감 일시까지 기관담당자의 제출 승인이 완료 된 과제에 한하여 최종 접수 인정 신약 R&D 생태계 구축 연구 (후보물질, 비임상) 신약 임상 개발 (임상1상, 임상2상)  안내사항 - 기관담당자가 미지정 기관의 경우에도, 기관담당자 승인 절차까지 진행 필수 - 제출 서류 업로드 시 PDF 변환 오류 발생 주의 (참고2. 참조) 변환 오류 원인 문제 방지 방법 첨부하는 문서가 “보안문서”일 경우 문서 내 암호 해제 “숨은설명”이 포함되어 있는 경우 (한글파일) 숨은 설명 삭제 후 저장 문서 내 “유료 및 번들폰트”가 있는 경우 인쇄기능 이용하여 문서를 PDF로 저장  문의처 - 문의 전 [붙임1] 공고 안내문, [붙임6] FAQ 필수 확인 요망 - 공고 및 접수 기간 내 이메일 문의(kddf_pm@kddf.org) 권장 (유선 연결 제한 가능) ※ 과제 접수 완료 및 서류 제출 완료 여부는 유선으로 확인 불가 합니다. 문의 구분 담당 부서 전화 이메일 시스템 오류/ 입력 문의 범부처통합연구지원시스템(IRIS) 1877-2041 IRIS 홈페이지 Q&A 메뉴 RFP 및 절차 문의 국가신약 개발사업단 RFP 02-6379-3083 kddf_pm@kddf.org 평가 일정/절차 02-6379-3068 02-6379-3077 연구비 02-6379-3062 02-6379-3208 성과 02-6379-3224 기술료 02-6379-3076 재무 02-6379-3081 ※ 자세한 사항은 국가신약개발재단 홈페이지 참조 - www.kddf.org > 알림마당 > 사업공고 > 2026년 제2차 국가신약개발사업 신규지원 대상과제 통합공고 바로가기",2026-09-15T12:06:22,2026-09-20T23:58:56
HT Dream:8830,HT Dream,2026년 바이오헬스 글로벌 석학 멘토십 프로그램 수행기관 모집 2차 공고,보건복지부,한국보건산업진흥원,,한국보건산업진흥원 공고 제 2026-180호,2026-06-09,,,2026-06-09,2026-06-24,0,,https://www.htdream.kr/main/pubAmt/PubAmtList.do,"2026년 바이오헬스 글로벌 석학 멘토십 프로그램 수행기관 모집 2차 공고 1 공 고 명 ○ 2026년 바이오헬스 글로벌 석학 멘토십 프로그램 수행기관 모집 2차 공고 2 접수기간 ○ 2026년 6월 5일(금) ~ 2026년 6월 24일(수) 15:00까지 (제출기한 엄수) 3 수행내용 ○ 바이오헬스 분야 해외 석학 국내 초빙 및 인재양성 프로그램(강연, 컨설팅, 연구 멘토링 등) 기획·운영 - 지원분야별 멘토링을 통한 연간 20명 이상 중점 양성(상세 내용 공고문 참조) 4 모집대상 ○ 해외 연구자 네트워크를 보유한 기관 및 단체(학회·협회, 연구소, 공공기관, 재단, 대학, 병원 등) 5 지원분야 ○ 유전학, 의료영상·진단보조(+AI), 기타* * 기타분야: 분자·세포생물학, 종양생물학, 약리학, 중개연구 등 6 선정규모 ○ 2개 분야 이상 선정(분야별 1개 기관 선정), 분야별 3억원 이내 지원 ※ 1개 기관에서 복수 분야 지원 가능, 예산 범위 내에서 우수 분야 선정(평가 결과 적합한 기관이 없을 경우 미선정) ※ 단, 기타 분야는 세부 분야를 통합하여 최대 1개 기관만 선정 7 신청방법 ○ 제출서류 작성 후 이메일(kbioleap@khidi.or.kr) 제출 - (제출서류) [붙임1] 사업신청서(날인된 PDF 및 한글 원본파일), 발표자료(구두발표 평가용) 1부 [ 문의처 ] 담당자 이메일 연락처 한국보건산업진흥원 의사과학자정책팀 kbioleap@khidi.or.kr 043-713-8453 ※ 원활한 안내 및 답변을 위해 가급적 이메일 문의를 권장합니다. 많은 관심과 참여 부탁드립니다. 감사합니다. 한국보건산업진흥원 의사과학자정책팀 드림",2026-09-15T12:06:23,2026-09-20T23:58:56
HT Dream:8827,HT Dream,2026년도 제2차 감염병 예방·치료 기술개발사업 신규지원 대상과제 재공고,보건복지부,한국보건산업진흥원,,보건복지부공고 제2026-437호,2026-05-27,,,2026-05-27,2026-06-08,0,,https://www.htdream.kr/main/pubAmt/PubAmtList.do,"공고단위 안내 ◎ 보건복지부공고 제2026-437호 2026년도 제2차 감염병 예방·치료 기술개발사업 신규지원 대상과제 재공고 2 026년도 제2차 감염병 예방·치료 기술개발사업 신규 지원 대상과제 재공고 를 다음과 같이 공고하니 해당 연구개발과제를 수행하고자 하는 자 는 관련 규정에 따라 신청하여 주시기 바랍니다. 2026년 5월 27일 보건복지부장관 정 은 경 □ 공고단위 안내 ※ 접수 전 반드시 확인해 주시기 바랍니다. ※ 과제접수 마감일 14:00까지 모든 과제 정보의 전산입력 완료 및 제출서류(연구계획서 및 첨부자료)를 업로드하여 ‘제출완료’인 과제만 접수하는 것을 원칙으로 함 (마감일 14:00이후 접수 및 전자인증 절대 불가함) ※ 2026년도 제2차 신규지원 대상과제는 IRIS*(https://www.iris.go.kr)를 통해 과제신청, 평가및 관리업무를 진행합니다. * IRIS(Integrated R&D Information System): 각 부처 및 전문기관별로 운영하고 있던 시스템을 하나로 통합한 범부처통합연구지원시스템 공고단위 안내 RFP 번호 세부 사업명 공고단위 (RFP명) 사업내용(RFP 안내) 평가일정/절차 안내 연구책임자 과제 신청 (전산입력) 마감일시 주관연구개발기관 검토·승인 마감일시 담당자 연락처 (043-713 -****) 담당자 연락처 (043-713 -****) 1 감염병 예방·치료 기술개발사업 미해결 치료제 도전기술개발 김난옥 8671 김주현 8734 2026.6.8.(월) 14:00 2026.6.8.(월) 14:00 ○ 담당자 안내 - 과제 접수(시스템 입력) 관련 : 범부처통합연구지원시스템(1877-2041) ※ IRIS 콜센터 운영시간 : 09:00 ~ 18:00 범부처통합연구지원시스템(IRIS) 바로가기 Click",2026-09-15T12:06:25,2026-09-20T23:58:56
HT Dream:8813,HT Dream,2026년 바이오헬스 글로벌 석학 멘토십 프로그램 수행기관 모집 공고 안내,보건복지부,한국보건산업진흥원,,한국보건산업진흥원 공고 제 2026-149호,2026-05-12,,,2026-05-12,2026-06-01,0,,https://www.htdream.kr/main/pubAmt/PubAmtList.do,"◎ 한국보건산업진흥원 공고 제 2026-149호 2026년 바이오헬스 글로벌 석학 멘토십 프로그램 수행기관 모집 공고 보건복지부 및 한국보건산업진흥원은 바이오헬스 분야 인재-기술-산업 연결 생태계의 글로벌화 촉진 및 의과학 미래 인재 육성 을 위해 ‘바이오헬스 글로벌 석학 멘토십 프로그램 운영’ 을 추진하고자 합니다. 이에, 글로벌 석학 멘토십 프로그램 수행기관을 아래와 같이 공모하오니 관심 있는 기관의 많은 참여 바랍니다. 2026년 5월 12일 한국보건산업진흥원장 □ 사업 개요 ○ (사업목적) 해외 석학 과 국내 의과학 분야 인재의 지식 교류 및 멘토링 지원 을 통해 차세대 국내 바이오헬스 분야 미래 인재 육성 기여 ○ (주요내용) 바이오헬스 분야 해외 석학의 국내 초빙 및 이를 활용한 강연, 컨설팅, 연구 멘토링 등 인재양성 프로그램 기획·운영 ▪ 해외 석학 초빙 대상(예) - 주요 연구 분야 내에서 노벨상(생리의학상 등) 또는 래스커상 등 수상자, NIH PI급 연구자, HHMI(美 하워드휴스의학연구소) 연구책임자급, HCR 연구자(美 클래리베이트 발표 피인용 세계 상위 1% 연구자) 등 초청 권장 ※ 국내 대학(원)생 및 젊은 의(사)과학자의 수요가 높은 석학 및 우수연구자 초청 가능 - 지원분야별 멘토링을 통한 연간 20명 이상 중점 양성 □ 지원대상 및 규모 ○ (지원대상) 해외 연구자 네트워크 보유 기관·단체 (학회·협회, 연구소, 재단, 대학 등) ○ (교육대상) 만 40세 미만의 대학(원)생 또는 박사후연구원 (예비 연구자 포함) ※ 멘토링 기반 중점 양성 대상에는 의대생 및 MD 면허 소지자 50% 이상 포함 ‘26년 지원분야 선정규모 ‘26년 국고보조금 뇌과학 / 면역학 / 유전학 의료영상·진단보조 / 의료AI·디지털헬스 최대 5개 분야 (*중복지원 가능) 분야별 3억원 이내 * 1개 기관이 여러 분야 운영이 가능한 경우, 신청 시 지원분야 복수 선택 가능 □ 신청방법: 제출서류 작성 후 이메일(kbioleap@khidi.or.kr) 제출 - (제출서류) [붙임1] 사업신청서(날인된 PDF 및 한글 원본파일), 발표자료(구두발표 평가용) 1부 □ (이메일) kbioleap@khidi.or.kr □ (전화번호) 043-713-8453 ※ 원활한 안내 및 답변을 위해 가급적 이메일로 문의 부탁드립니다. [붙임1] 2026년 바이오헬스 글로벌 석학 멘토십 프로그램 공고_신청서(양식) [붙임2] (FAQ) 글로벌 석학 멘토십 프로그램 관련 자주 묻는 질문 사업공고 바로가기 Click",2026-09-15T12:06:26,2026-09-20T23:58:56
HT Dream:8810,HT Dream,"2026년도 연구중심병원(한미혁신성과창출R&D, 협력지원 R&D) 신규지원 대상과제 통합공고 안내",보건복지부,한국보건산업진흥원,,보건복지부공고 제2026-373호,2026-04-30,,,2026-04-30,2026-05-29,0,,https://www.htdream.kr/main/pubAmt/PubAmtList.do,"◎ 보건복지부공고 제2026-373 호 2026년도 연구중심병원(한미혁신성과창출R&D, 협력지원 R&D) 신규지원 대상과제 공고 2026년도 연구중심병원(한미혁신성과창출R&D, 협력지원 R&D) 신규지원 대상과제 를 다음과 같이 공고하니 해당 연구개발과제를 수행하고자 하는 자 는 관련 규정에 따라 신청하여 주시기 바랍니다. 2026년 4월 29일 보건복지부장관 정 은 경 ■ 공고단위 안내 ※ 접수 전 반드시 확인해 주시기 바랍니다. ※ 과제접수 마감일 14:00까지 모든 과제 정보의 전산입력 완료 및 제출서류(연구계획서 및 첨부자료)를 업로드하여 ‘제출완료’인 과제만 접수하는 것을 원칙으로 함 (마감일 14:00이후 접수 및 전자인증 절대 불가함) ※ 2026년도 신규지원 대상과제는 IRIS*(https://www.iris.go.kr)를 통해 과제신청, 평가 및 관리업무를 진행합니다. * IRIS(Integrated R&D Information System): 각 부처 및 전문기관별로 운영하고 있던 시스템을 하나로 통합한 범부처통합연구지원시스템 RFP 번호 세부 사업명 공고단위 (RFP명) 사업내용(RFP) 안내 평가일정/절차 안내 연구책임자 과제신청 (전산입력) 마감일시 주관연구 개발기관 검토·승인 마감일시 담당자 연락처 (043-713-****) 담당자 연락처 (043-713-****) 1 연구중심병원육성R&D 한미혁신성과창출R&D 오정택 유나윤 8724 8722 박지혜 8732 2026.5.29.(금) 14:00 2026.5.29.(금) 14:00 2 연구중심병원도약지원사업 연구중심병원 도약지원 (협력지원 R&D) 심훈섭 8723 김연준 8735 ○ 과제 접수(시스템 입력) 관련 : 범부처통합연구지원시스템(1877-2041) - IRIS 콜센터 운영시간 : 09:00 ~ 18:00 ○ 과제 접수(시스템) 오픈날짜 : 5월 7일(목) ○ 과제 신청 전, FAQ를 필히 확인하시기 바랍니다. ※ 연구개발계획서 및 첨부서류 양식은 ""4월 30일(목)"" 에 업로드된 자료를 참고 부탁드립니다. 범부처통합연구지원시스템(IRIS) 바로가기 Click",2026-09-15T12:06:28,2026-09-20T23:58:56
HT Dream:8807,HT Dream,2026년도 제2차 감염병 예방·치료 기술개발사업 신규지원 대상과제 개별공고 안내,보건복지부,한국보건산업진흥원,,보건복지부공고 제2026-362호,2026-04-24,,,2026-04-24,2026-05-26,0,,https://www.htdream.kr/main/pubAmt/PubAmtList.do,"◎ 보건복지부공고 제2026-362호 2026년도 제2차 감염병 예방·치료 기술개발사업 신규지원 대상과제 개별공고 2 026년도 제2차 감염병 예방·치료 기술개발사업 신규 지원 대상과제 개별공고 를 다음과 같이 공고하니 해당 연구개발과제를 수행하고자 하는 자 는 관련 규정에 따라 신청하여 주시기 바랍니다. 2026년 4월 24일 보건복지부장관 정 은 경 □ 공고단위 안내 ※ 접수 전 반드시 확인해 주시기 바랍니다. ※ 과제접수 마감일 14:00까지 모든 과제 정보의 전산입력 완료 및 제출서류(연구계획서 및 첨부자료)를 업로드하여 ‘제출완료’인 과제만 접수하는 것을 원칙으로 함 (마감일 14:00이후 접수 및 전자인증 절대 불가함) ※ 2026년도 제2차 신규지원 대상과제는 IRIS*(https://www.iris.go.kr)를 통해 과제신청, 평가및 관리업무를 진행합니다. * IRIS(Integrated R&D Information System): 각 부처 및 전문기관별로 운영하고 있던 시스템을 하나로 통합한 범부처통합연구지원시스템 RFP 번호 세부 사업명 공고단위 (RFP명) 사업내용(RFP 안내) 평가일정/절차 안내 연구책임자 과제 신청 (전산입력) 마감일시 주관연구개발기관 검토·승인 마감일시 담당자 연락처 (043-713 -****) 담당자 연락처 (043-713 -****) 1 감염병 예방·치료 기술개발사업 미해결 치료제 도전기술개발 김난옥 8671 김주현 8734 2026.5.26.(화) 14:00 2026.5.26.(화) 14:00 ○ 담당자 안내 - 과제 접수(시스템 입력) 관련 : 범부처통합연구지원시스템(1877-2041) ※ IRIS 콜센터 운영시간 : 09:00 ~ 18:00 범부처통합연구지원시스템(IRIS) 바로가기 Click",2026-09-15T12:06:29,2026-09-20T23:58:56
HT Dream:8808,HT Dream,2026년도 제2차 RNA바이러스 감염병(Disease X) 대비 항바이러스 치료제 개발사업 신규지원 대상과제 공고 안내,보건복지부,한국보건산업진흥원,,보건복지부공고 제2026-363호,2026-04-24,,,2026-04-24,2026-05-26,0,,https://www.htdream.kr/main/pubAmt/PubAmtList.do,"◎ 보건복지부공고 제2026-363호 2026년도 제2차 RNA바이러스 감염병(Disease X) 대비 항바이러스 치료제 개발사업 신규지원 대상과제 공고 2 026년도 제2차 RNA바이러스 감염병(Disease X) 대비 항바이러스 치료제 개발사업 신규 지원 대상과제 를 다음과 같이 공고하니 해당 연구개발과제를 수행하고자 하는 자 는 관련 규정에 따라 신청하여 주시기 바랍니다. 2026년 4월 24일 보건복지부장관 정 은 경 □ 공고단위 안내 ※ 접수 전 반드시 확인해 주시기 바랍니다. ※ 과제접수 마감일 14:00까지 모든 과제 정보의 전산입력 완료 및 제출서류(연구계획서 및 첨부자료)를 업로드하여 ‘제출완료’인 과제만 접수하는 것을 원칙으로 함 (마감일 14:00이후 접수 및 전자인증 절대 불가함) ※ 2026년도 신규지원 대상과제는 IRIS*(https://www.iris.go.kr)를 통해 과제신청, 평가및 관리업무를 진행합니다. * IRIS(Integrated R&D Information System): 각 부처 및 전문기관별로 운영하고 있던 시스템을 하나로 통합한 범부처통합연구지원시스템 RFP 번호 세부 사업명 공고단위 (RFP명) 사업내용(RFP 안내) 평가일정/절차 안내 연구책임자 과제 신청 (전산입력) 마감일시 주관연구개발기관 검토·승인 마감일시 담당자 연락처 (043-713 -****) 담당자 연락처 (043-713 -****) 1 RNA바이러스 감염병(Disease X) 대비 항바이러스 치료제 개발 RNA바이러스 감염병(Disease X) 대비 항바이러스 치료제 개발 신덕향 8191 김주현 8734 2026.5.26.(화) 14:00 2026.5.26.(화) 14:00 ○ 담당자 안내 - 과제 접수(시스템 입력) 관련 : 범부처통합연구지원시스템(1877-2041) ※ IRIS 콜센터 운영시간 : 09:00 ~ 18:00 범부처통합연구지원시스템(IRIS) 바로가기 Click ○ 과제 접수(시스템) 오픈날짜 : 5월 4일(월)",2026-09-15T12:06:31,2026-09-20T23:58:56
NECA:17520,NECA,2026년 제3차 '신의료기술평가 길라잡이 서비스' 모집 공고,보건복지부,한국보건의료연구원,,,2026-08-26,,,,,0,,https://www.neca.re.kr/lay1/bbs/S1T12C49/A/12/view.do?article_seq=17520&cpage=1&rows=&condition=&keyword=,"해당 게시글의 작성자, 작성일, 조회수, 내용을 제공합니다. 이미지와 미디어 자료가 있을수 있습니다. 2026년 제3차 '신의료기술평가 길라잡이 서비스' 모집 공고 작성자 평가사업협력팀 작성일 2026.08.26 조회수 347 파일 [보도자료]_2026년 제3차 ‘신의료기술평가 길라잡이 서비스’ 모집 공고.pdf [다운로드수 : 35] 바로보기 1. 2026년 제3차 ‘신의료기술평가 길라잡이 서비스’ 모집 공고.pdf [다운로드수 : 31] 바로보기 2. 신의료기술평가 길라잡이 서비스 2.0 리플렛(2026).pdf [다운로드수 : 22] 바로보기 3. 길라잡이 서비스 자주하는 질문(QnA)_2026년 3차.pdf [다운로드수 : 23] 바로보기",2026-09-15T12:07:20,2026-09-20T23:59:30
NECA:17506,NECA,"2026년 한국보건의료연구원 제2차 원탁회의 개최 안내(8/20(목), 14:00)",보건복지부,한국보건의료연구원,,,2026-08-05,,,,,0,,https://www.neca.re.kr/lay1/bbs/S1T12C49/A/12/view.do?article_seq=17506&cpage=1&rows=&condition=&keyword=,"해당 게시글의 작성자, 작성일, 조회수, 내용을 제공합니다. 이미지와 미디어 자료가 있을수 있습니다. 2026년 한국보건의료연구원 제2차 원탁회의 개최 안내(8/20(목), 14:00) 작성자 대외협력홍보팀 작성일 2026.08.05 조회수 878 파일 안내문.jpg [다운로드수 : 12] 바로보기 한국보건의료연구원에서 안내드립니다. 한국보건의료연구원은 2026년 제2차 원탁회의를 「소비자가 알아야 할 '먹는 알부민'의 진실과 오해」를 주제로 개최합니다. □ 일시: 2026년 8월 20일(목) 14:00~17:00 □ 장소: 명동 포스트타워 10층 대회의실 □ 참석: 무료 □ 사전등록: 포스터 내 QR코드를 통해 사전등록 가능 ※ 원활한 행사 준비를 위해 사전등록을 권장드리며, 사전등록을 하지 않으신 분도 현장 참석이 가능합니다. 관심 있는 분들의 많은 참석을 부탁드립니다.",2026-09-15T12:07:23,2026-09-20T23:59:30
NECA:17484,NECA,"2026년 한국보건의료연구원 제1차 원탁회의 개최 안내(7/22(수), 14:00)",보건복지부,한국보건의료연구원,,,2026-07-07,,,,,0,,https://www.neca.re.kr/lay1/bbs/S1T12C49/A/12/view.do?article_seq=17484&cpage=1&rows=&condition=&keyword=,"해당 게시글의 작성자, 작성일, 조회수, 내용을 제공합니다. 이미지와 미디어 자료가 있을수 있습니다. 2026년 한국보건의료연구원 제1차 원탁회의 개최 안내(7/22(수), 14:00) 작성자 대외협력홍보팀 작성일 2026.07.07 조회수 1355 파일 NECA_안내문1.jpg [다운로드수 : 30] 바로보기 한국보건의료연구원에서 안내드립니다. 한국보건의료연구원은 2026년 제1차 원탁회의를 「신생아 유전 선별검사의 합리적 기준을 논하다」를 주제로 개최합니다. □ 일시: 2026년 7월 22일(수) 14:00~17:00 □ 장소: 포스트타워 10층 대회의실 □ 참석: 무료 □ 사전등록: 포스터 내 QR코드를 통해 사전등록 가능 ※ 원활한 행사 준비를 위해 사전등록을 권장드리며, 사전등록을 하지 않으신 분도 현장 참석이 가능합니다. 관심 있는 분들의 많은 참석을 부탁드립니다.",2026-09-15T12:07:27,2026-09-20T23:59:30
NECA:17456,NECA,「2026년 선진입 의료기술 임상연구 지원 시범사업」 신청 공고,보건복지부,한국보건의료연구원,,,2026-06-05,,,2026-06-04,2026-06-25,1,,https://www.neca.re.kr/lay1/bbs/S1T12C49/A/12/view.do?article_seq=17456&cpage=1&rows=&condition=&keyword=,"해당 게시글의 작성자, 작성일, 조회수, 내용을 제공합니다. 이미지와 미디어 자료가 있을수 있습니다. 「2026년 선진입 의료기술 임상연구 지원 시범사업」 신청 공고 작성자 근거창출지원팀 작성일 2026.06.05 조회수 1207 파일 2026년 선진입 의료기술 임상연구 지원 시범사업 신청 공고 (1).hwpx [다운로드수 : 99] 바로보기 「2026년 선진입 의료기술 임상연구 지원 시범사업」 신청 공고 「2026년 선진입 의료기술 임상연구 지원 시범사업」 추진을 위하여 다음과 같이 공고하오니 관련 기관의 적극적인 참여를 바랍니다. 2026년 6월 4일 한국보건의료연구원장 □ 주요 내용 ○ 사업명: 「2026년 선진입 의료기술 임상연구 지원 시범사업」 ○ 사업목적: 선진입 의료기술(연구단계 의료기술, 혁신의료기술)의 신의료기술평가 실사용 근거 마련을 위한 연구 수행 지원 ○ 지원규모: 예산 범위 등을 고려하여 최대 3개 기술 선정, 기술당 연 1.5억 내외 지원 예정 ※ 단, 선정 건수 및 지원 규모 등은 상황에 따라 변동될 수 있음 ※ 협약 체결에 따라 선급을 지급한 후 연구결과에 따라 잔액을 지급하며, 연구비 관리는 주관실시기관의 연구비 관리규정에 따름 ※ 본 사업은 국가연구개발사업(R&D)에 해당하지 않는 출연금 지원 사업으로, 연구비 중 간접비는 계상 및 지원하지 않음 ○ 연구기간: ① 혁신의료기술: 협약일로부터 고시 내 사용기간까지(자료정리 분석 기간 3개월 추가 가능) ② 연구단계 의료기술: 협약일로부터 최대 4년(대상자 모집기간 최대 3년) ○ 신청기간: 2026. 6. 4.(목) ~ 2026. 6. 25.(목) 15:00까지 ○ 신청방법: 원본파일 이메일 제출(nhta@neca.re.kr) ※ 세부내용은 「2026년 선진입 의료기술 임상연구 지원 시범사업」 신청 공고(첨부파일)를 참고하시기 바랍니다.",2026-09-15T12:07:30,2026-09-20T23:59:30
NECA:17451,NECA,2026년 제2차 '신의료기술평가 길라잡이 서비스' 모집 공고,보건복지부,한국보건의료연구원,,,2026-05-28,,,,,0,,https://www.neca.re.kr/lay1/bbs/S1T12C49/A/12/view.do?article_seq=17451&cpage=1&rows=&condition=&keyword=,"해당 게시글의 작성자, 작성일, 조회수, 내용을 제공합니다. 이미지와 미디어 자료가 있을수 있습니다. 2026년 제2차 '신의료기술평가 길라잡이 서비스' 모집 공고 작성자 평가사업협력팀 작성일 2026.05.28 조회수 1007 파일 [보도자료]_2026년 제2차 ‘신의료기술평가 길라잡이 서비스’ 모집 공고.pdf [다운로드수 : 78] 바로보기 1. 2026년 제2차 ‘신의료기술평가 길라잡이 서비스’ 모집 공고.pdf [다운로드수 : 132] 바로보기 2. 신의료기술평가 길라잡이 서비스 2.0 리플렛(2026).pdf [다운로드수 : 53] 바로보기 3. 길라잡이 서비스 자주하는 질문(QnA)_2026년 2차.pdf [다운로드수 : 48] 바로보기",2026-09-15T12:07:34,2026-09-20T23:59:30
NECA:17435,NECA,2026년도 제5차 재평가 대상 의료기술 공지,보건복지부,한국보건의료연구원,,,2026-05-11,,,2026-05-08,2026-06-07,1,,https://www.neca.re.kr/lay1/bbs/S1T12C49/A/12/view.do?article_seq=17435&cpage=1&rows=&condition=&keyword=,"해당 게시글의 작성자, 작성일, 조회수, 내용을 제공합니다. 이미지와 미디어 자료가 있을수 있습니다. 2026년도 제5차 재평가 대상 의료기술 공지 작성자 평가연구지원팀 작성일 2026.05.11 조회수 2089 파일 의료기술 재평가 연구문헌 제출서식_한글파일.hwp [다운로드수 : 19] 바로보기 의료기술_재평가_연구문헌_제출서식_엑셀_최종.xlsx [다운로드수 : 22] 바로보기 「 의료기술재평가사업 운영지침 」 에 따라 2026 년도 의료기술 재평가 대상 목록을 다음과 같이 공지하오니 , 관련 업무에 참고하여 주시기 바랍니다. ○ 재평가 대상 의료기술 재평가 대상 의료기술 - 연번, 의료기술명, 요양급여 분류번호, EDI 코드 내용이 포함되어 있는 표 연번 의료기술명 요양급여 분류번호 EDI 코드 1 밀봉소선원치료 - 강내치료 ( 저선량률치료 ) 다 -408 나 (2)( 가 ), 다 -408 나 (2)( 나 ) HD083, HD084 2 밀봉소선원치료 - 조직내치료 , 관내치료 ( 저선량률치료 ) 다 -408 다 (2)( 가 ) 다 -408 다 (2)( 나 ) HD087 HD088 3 밀봉소선원치료 - 방사성입자의 자입치료 다 -408 라 HD089 4 신경학적 동공지수 검사 나 -610-3 F6105 5 클립을 이용한 좌심방이 폐쇄술 자 -200-3 O2030 6 경피적 좌심방이폐색술 자 -651-2 M6511 7 양전자방출단층촬영 _Ga-68 에도트레오타이드 ( 도타톡 ) 다 -339 다 (5) HK030 8 헬리코박터파이로리균 클라리스로마이신 약제내성유발 돌연변이 [ 염기서열분석 ] 누 -589 마 D5897 9 중수막동맥 혈관색전술 자 -664 가 (3)( 가 ) M1673 10 류마티스 관절염에서 방사선영상진단 [ 정량 ] 나 -697 F6970 11 심장표지자 -ST2_ 일반면역검사 ( 정량 ) 누 -405 가 D4051 12 심장표지자 -ST2_ 정밀면역검사 ( 정량 ) 누 -405 나 D4050 13 유방재건 자 -714 N7140~N7153 14 로봇 보조 수술 ( 갑상선 , 담낭 , 유방재건 ) 조 -961 QZ966 15 일반배양검사 - 약제감수성 - 형광법 누 -581- 라 (5) D5846 16 싸이로글로불린 [ 정밀분광 - 질량분석 ]( 정량 ) 누 -425 나 D4252 17 현미경을 사용한 미세 치근단 수술 차 -56, 차 -59 U4561~4, U4591, U4592 18 항이뇨호르몬 [ 정밀분광 - 질량분석 ]( 정량 ) 누 -340 나 D3403 19 스테롤검사 ( 시토스테롤 , 캄페스테롤 , 콜레스타놀 )[ 정밀분광 - 질량분석 ]( 정량 ) 누 -521 D5210 20 로봇보조 보행치료 사 -130 나 MM302 21 차세대염기서열분석 (NGS) 기반 유전자패널검사 ( 비유전성혈액암 ( 급성골수성백혈병 ) 나 -598-1 나 (2) CB005 CB006 22 호산구양이온단백농도측정검사 노 -114 CZ114 23 락툴로스 수소호기검사 노 -828 EZ828 24 샤임프러그 사진촬영 너 -795 EX795 25 아밀로이드 A 노 -242 CZ242 26 동작분석 _ 운동역학 노 -772 EZ772 27 동작분석 _ 생역학검사 노 -774 EZ774 28 동작분석 _ 역동적 근전도 노 -773 EZ773 29 동작분석 _ 에너지소모분석 노 -771 EZ771 30 신경발달중재치료 오 -6 나 NZ009 31 수면리듬양상검사 노 -700 FZ700 32 기타 행동치료 - 심리적 재활중재치료 오 -6 다 NZ010 33 관절계를 이용한 무릎관절인대검사 노 -775 EZ775 34 증상 및 행동평가척도 ( 불안척도 )_ 불안민감척도 너 -701 가 FY701 35 증상 및 행동평가척도 ( 불안척도 )_ 신경증불안평가 너 -701 가 FY705 36 자가면역표적검사 노 -430 CZ430 37 성호르몬결합글로불린 노 -202 CZ202 ○ 해당 항목과 관련하여 임상연구 문헌 등 근거자료를 제출하고자 하는 경우 , 아래의 방법에 따라 제출하여 주시기 바랍 니다 . - 자료 제출 기간 : 2026. 5. 8. ~ 2026. 6. 7. (1개월) ※ 본 재평가가 최초로 시행되는 점을 고려하여 , 자료 준비에 추가적인 시간이 필요한 경우에는 요청에 따라 제출 기간을 한시적으로 연장할 수 있습니다 . - 자료 제출 방법 : 붙임의 서식 을 이메일 htr@neca.re.kr 로 제출 ※ 제출된 자료는 의료기술 재평가 수행 과정에서 참고자료로 활용될 예정입 니다 .",2026-09-15T12:07:38,2026-09-20T23:59:30
NECA:13765,NECA,「BIO KOREA 2026」 행사 개최 안내,보건복지부,한국보건의료연구원,,,2026-03-20,,,,,0,,https://www.neca.re.kr/lay1/bbs/S1T12C49/A/12/view.do?article_seq=13765&cpage=1&rows=&condition=&keyword=,"해당 게시글의 작성자, 작성일, 조회수, 내용을 제공합니다. 이미지와 미디어 자료가 있을수 있습니다. 「BIO KOREA 2026」 행사 개최 안내 작성자 대외협력홍보팀 작성일 2026.03.20 조회수 1115 파일 BIO KOREA 2026 리플렛.pdf [다운로드수 : 58] 바로보기 BIO KOREA 2026 행사 개최 개요 (연혁 및 실적).pdf [다운로드수 : 52] 바로보기 한국보건의료연구원에서 후원하는 "" BIO KOREA 2026 International Convention"" 행사 안내드립니다. 가. 행 사 명: BIO KOREA 2026 International Convention(제 21회) 나. 기 간: 2026년 4월 28일(화) ~ 30일(목), 3일 간 다. 장 소: 서울 코엑스(COEX) 라. 주 최: 한국보건산업진흥원, 충청북도 마. 후 원: 보건복지부 외 주요 유관 부처, 정부기관, 협회 등 30여개 기관 바. 프로그램 - 비즈니스 파트너링: 국내외 참가기업 및 기관 간 1:1 비즈니스 미팅 - 컨퍼런스: 국내외 바이오헬스 산업의 최신 이슈 및 기술 동향 등 공유 - 전 시: 국내외 바이오헬스 산업의 최신 기술, 제품 및 사업 홍보 사. 참가문의: BIO KOREA 사무국 - 전 화: 1661-0810 - 이 메 일: biokorea@biokorea.org - 홈페이지: www.biokorea.org 아. 신청 링크: https://www.biokorea.org/registration/info.do",2026-09-15T12:07:45,2026-09-20T23:59:34
NECA:13764,NECA,"2026년 한국보건의료연구원 연례학술회의 개최 안내(4/7(화), 09:30 ~ 16:00)",보건복지부,한국보건의료연구원,,,2026-03-18,,,,,0,,https://www.neca.re.kr/lay1/bbs/S1T12C49/A/12/view.do?article_seq=13764&cpage=1&rows=&condition=&keyword=,"해당 게시글의 작성자, 작성일, 조회수, 내용을 제공합니다. 이미지와 미디어 자료가 있을수 있습니다. 2026년 한국보건의료연구원 연례학술회의 개최 안내(4/7(화), 09:30 ~ 16:00) 작성자 대외협력홍보팀 작성일 2026.03.18 조회수 2177 한국보건의료연구원 개원 17주년을 기념하여 연례학술회의를 개최 합니다. 연례학술회의에 참여를 원하시는 분들께서는 아래 링크 또는 포스터 내 QR코드를 통해 사전등록 하여 주시기 바랍니다. ​ ▶ 일 시: 2026년 4월 7일(화), 09:30 ~ 16:00 ▶ 장 소: 양재 엘타워 6층 그레이스홀 ▶ 주 제: After Evidence: 제도 전환기, 연구와 정책의 새로운 역할 ▶ 사전등록: https://buly.kr/BeM3WfU ( 사전등록 마감일: ~ 4/3(금) 13시)",2026-09-15T12:07:48,2026-09-20T23:59:34
NECA:13740,NECA,2026년 제1차 '신의료기술평가 길라잡이 서비스' 모집 공고,보건복지부,한국보건의료연구원,,,2026-03-13,,,,,0,,https://www.neca.re.kr/lay1/bbs/S1T12C49/A/12/view.do?article_seq=13740&cpage=1&rows=&condition=&keyword=,"해당 게시글의 작성자, 작성일, 조회수, 내용을 제공합니다. 이미지와 미디어 자료가 있을수 있습니다. 2026년 제1차 '신의료기술평가 길라잡이 서비스' 모집 공고 작성자 평가사업협력팀 작성일 2026.03.13 조회수 1042 파일 1. 2026년 제1차 ‘신의료기술평가 길라잡이 서비스’ 모집 공고.pdf [다운로드수 : 55] 바로보기 2. 신의료기술평가 길라잡이 서비스 2.0 리플렛(2026).pdf [다운로드수 : 55] 바로보기 3. 길라잡이 서비스 자주하는 질문(QnA)_2026년 1차.pdf [다운로드수 : 28] 바로보기",2026-09-15T12:07:51,2026-09-20T23:59:34
NECA:17502,NECA,[공고] 2026년 한국보건의료연구원 소셜미디어 운영 용역,보건복지부,한국보건의료연구원,,,2026-07-22,,,,2026-08-05,1,,https://www.neca.re.kr/lay1/bbs/S1T12C81/A/29/view.do?article_seq=17502&cpage=1&rows=&condition=&keyword=,"해당 게시글의 작성자, 작성일, 조회수, 내용을 제공합니다. 이미지와 미디어 자료가 있을수 있습니다. [공고] 2026년 한국보건의료연구원 소셜미디어 운영 용역 작성자 재무회계팀 작성일 2026.07.22 조회수 832 파일 입찰공고서 국가_협상_9999 중소+수평+공불.hwpx [다운로드수 : 14] 바로보기 2026년 한국보건의료연구원 소셜미디어 운영 용역 제안요청서(수정본).hwpx [다운로드수 : 22] 바로보기 [조달청 용역 공고 제R26BK01638858 - 000호] ○ 공고명: 2026년 한국보건의료연구원 소셜미디어 운영 용역 ○ 입찰방법: 제한경쟁(총액)입찰/협상에 의한 계약 ○ 전자입찰서 접수일시: 2026년 8월 3일 10:00 ~ 8월 5일 10:00까지 (조달청 나라장터) ○ 개찰일시: 2026년 8월 5일 11:00 ○ 과업기간: 계약일로부터 ~ 2026년 12월 31일 ○ 세부내용: [붙임] 참조 ○ 담당부서: 한국보건의료연구원 재무회계팀(T. 02-2174-2751) * 입찰 관련 불공정행위 및 부당요구 등은 홈페이지(국민참여>신고센터>클린신고센터)에서 부패행위를 신고할 수 있습니다.",2026-09-15T12:07:57,2026-09-20T23:59:37
NECA:13802,NECA,[취소공고] 2026년 의료기술재평가 정보시스템 유지관리 사업,보건복지부,한국보건의료연구원,,,2026-04-08,,,,,0,,https://www.neca.re.kr/lay1/bbs/S1T12C81/A/29/view.do?article_seq=13802&cpage=1&rows=&condition=&keyword=,"해당 게시글의 작성자, 작성일, 조회수, 내용을 제공합니다. 이미지와 미디어 자료가 있을수 있습니다. [취소공고] 2026년 의료기술재평가 정보시스템 유지관리 사업 작성자 재무회계팀 작성일 2026.04.08 조회수 319 한국보건의료연구원에서 공고한 「2026년 의료기술재평가 정보시스템 유지관리 사업」을 다음과 같은 사유로 취소하고자 합니다. ○ 공고명: 2026년 의료기술재평가 정보시스템 유지관리 사업 ○ 조달청 공고번호: R26BK01414423 - 001 ○ 취소공고일: 2026년 4월 1일 ○ 취소사유 : 입찰참가자격 변경에 의한 취소 ○ 기타사항: 사전규격공개 후, 4월 8일 재공고 예정(한국보건의료연구원 공고: 입찰 제2026-008호) * 입찰 관련 사항은 수정된 신규공고를 참고해 주시기 바랍니다.",2026-09-15T12:08:09,2026-09-20T23:59:47
NECA:13640,NECA,[긴급공고] 의료기술재평가사업 회의용 전산장비 임차,보건복지부,한국보건의료연구원,,,2025-11-11,,,2026-01-01,2028-12-31,1,,https://www.neca.re.kr/lay1/bbs/S1T12C81/A/29/view.do?article_seq=13640&cpage=1&rows=&condition=&keyword=,"해당 게시글의 작성자, 작성일, 조회수, 내용을 제공합니다. 이미지와 미디어 자료가 있을수 있습니다. [긴급공고] 의료기술재평가사업 회의용 전산장비 임차 작성자 재무회계팀 작성일 2025.11.11 조회수 324 파일 (입찰 제2025-019호) 입찰공고문.hwp [다운로드수 : 40] 바로보기 (입찰 제2025-019호) 제안요청서.hwp [다운로드수 : 37] 바로보기 [긴급공고] 의료기술재평가사업 회의용 전산장비 임차 <입찰공고번호: R25BK01142638-000 호> ○ 공고명: 의료기술재평가사업 회의용 전산장비 임차 ○ 입찰방법: 제한 경쟁(총액)입찰/적격심사 ○ 전자입찰서 접수일시: 2025년 11월 13일 10:00 ~ 11월 18일 10:00 (조달청 나라장터) ○ 개찰일시: 2025년 11월 18일 11:00 ○ 과업기간 : 2026년 1월 1일 ~ 2028년 12월 31일 (장기계속계약) - 장기계속 1차: 2026년 1월 1일 ~ 2026년 12월 31일 - 장기계속 2차: 2027년 1월 1일 ~ 2027년 12월 31일 - 장기계속 3차: 2028년 1월 1일 ~ 2028년 12월 31일 ○ 세부내용: [붙임] 참조 * 입찰 관련 각종 불공정행위 및 부당요구 등에 대하여 홈페이지(국민참여>신고센터>클린신고센터)에서 부패행위를 신고할 수 있습니다.",2026-09-15T12:08:16,2026-09-20T23:59:51
NECA:13631,NECA,[공고] 2025년 통계분석 프로그램(SAS) 사용권 구매,보건복지부,한국보건의료연구원,,,2025-11-07,,,2025-12-29,2026-12-28,1,,https://www.neca.re.kr/lay1/bbs/S1T12C81/A/29/view.do?article_seq=13631&cpage=1&rows=&condition=&keyword=,"해당 게시글의 작성자, 작성일, 조회수, 내용을 제공합니다. 이미지와 미디어 자료가 있을수 있습니다. [공고] 2025년 통계분석 프로그램(SAS) 사용권 구매 작성자 재무회계팀 작성일 2025.11.07 조회수 315 파일 1. (입찰 제2025-018호) 입찰공고문.hwp [다운로드수 : 29] 바로보기 2. SAS 구매 규격서.pdf [다운로드수 : 28] 바로보기 3. 지명경쟁 사유서 및 독점공급 확인서.hwp [다운로드수 : 31] 바로보기 [공고] 2025년 통계분석 프로그램(SAS) 사용권 구매 <입찰공고번호: R25BK01137388 -000 호> ○ 공고명: 2025년 통계분석 프로그램(SAS) 사용권 구매 ○ 입찰방법: 지명경쟁 (총액)입찰/적격심사낙찰제 ○ 전자입찰서 접수일시: 2025년 11월 7일 10:00 ~ 11월 19일 14:00 (조달청 나라장터) ○ 개찰일시: 2025년 11월 19일 15:00 ○ 계약기간 : 계약일 ~ 2025년 12월 29일(납품기한) ※ 사용기간: 2025년 12월 29일 ~ 2026년 12월 28일(1년) ○ 세부내용: [붙임] 참조 * 입찰 관련 각종 불공정행위 및 부당요구 등에 대하여 홈페이지(국민참여>신고센터>클린신고센터)에서 부패행위를 신고할 수 있습니다.",2026-09-15T12:08:19,2026-09-20T23:59:51
NECA:13624,NECA,[긴급공고] 2026년 정보시스템 및 인프라 통합 유지관리 용역,보건복지부,한국보건의료연구원,,,2025-11-03,,,2026-01-01,2026-12-31,1,,https://www.neca.re.kr/lay1/bbs/S1T12C81/A/29/view.do?article_seq=13624&cpage=1&rows=&condition=&keyword=,"해당 게시글의 작성자, 작성일, 조회수, 내용을 제공합니다. 이미지와 미디어 자료가 있을수 있습니다. [긴급공고] 2026년 정보시스템 및 인프라 통합 유지관리 용역 작성자 재무회계팀 작성일 2025.11.03 조회수 302 파일 (긴급)입찰공고서_유지관리.hwp [다운로드수 : 47] 바로보기 (입찰 제2025-016호) 제안요청서.hwp [다운로드수 : 54] 바로보기 [긴급공고] 2026년 정보시스템 및 인프라 통합 유지관리 용역 <입찰공고번호: R25BK01126689 -000 호> ○ 공고명: 2026년 정보시스템 및 인프라 통합 유지관리 용역 ○ 입찰방법: 제한 경쟁(총액)입찰/협상에의한계약 ○ 전자입찰서 접수일시: 2025년 11월 13일 10:00 ~ 11월 18일 10:00 (조달청 나라장터) ○ 개찰일시: 2025년 11월 18일 11:00 ○ 사업기간 : 2026년 1월 1일 ~ 2026년 12월 31일 ○ 세부내용: [붙임] 참조 * 입찰 관련 각종 불공정행위 및 부당요구 등에 대하여 홈페이지(국민참여>신고센터>클린신고센터)에서 부패행위를 신고할 수 있습니다.",2026-09-15T12:08:22,2026-09-20T23:59:51
NECA:13623,NECA,[긴급공고] 2026년 신의료기술평가시스템 유지관리 사업,보건복지부,한국보건의료연구원,,,2025-11-03,,,2026-01-01,2026-09-30,1,,https://www.neca.re.kr/lay1/bbs/S1T12C81/A/29/view.do?article_seq=13623&cpage=1&rows=&condition=&keyword=,"해당 게시글의 작성자, 작성일, 조회수, 내용을 제공합니다. 이미지와 미디어 자료가 있을수 있습니다. [긴급공고] 2026년 신의료기술평가시스템 유지관리 사업 작성자 재무회계팀 작성일 2025.11.03 조회수 254 파일 (입찰 제2025-017호) 입찰공고문.hwp [다운로드수 : 45] 바로보기 (입찰 제2025-017호) 제안요청서.hwpx [다운로드수 : 56] 바로보기 [긴급공고] 2026년 신의료기술평가시스템 유지관리 사업 <입찰공고번호: R25BK01123797 -000 호> ○ 공고명: 2026년 신의료기술평가시스템 유지관리 사업 ○ 입찰방법: 제한 경쟁(총액)입찰/협상에의한계약 ○ 전자입찰서 접수일시: 2025년 11월 13일 10:00 ~ 11월 18일 10:00 (조달청 나라장터) ○ 개찰일시: 2025년 11월 18일 11:00 ○ 사업기간 : 2026년 1월 1일 ~ 2026년 9월 30일 ○ 세부내용: [붙임] 참조 * 입찰 관련 각종 불공정행위 및 부당요구 등에 대하여 홈페이지(국민참여>신고센터>클린신고센터)에서 부패행위를 신고할 수 있습니다.",2026-09-15T12:08:25,2026-09-20T23:59:51
환경부(KEITI):40291,환경부(KEITI),「환경 R&D 중장기 전략 및 기술로드맵(2027~2036) 마련」을 위한 기술수요조사(기간연장),환경부,한국환경산업기술원,,,2026-05-15,,,,2026-06-10,1,,https://www.keiti.re.kr/site/keiti/ex/board/View.do?cbIdx=277&bcIdx=40291,"안녕하십니까? 한국환경산업기술원에서는 환경 분야 핵심기술의 중장기 투자 방향 설정과 기술로드맵 수립을 위하여 『환경 R&D 중장기 전략 및 기술로드맵 마련』 연구를 ㈜비욘드알앤아이와 함께 수행하고 있습니다. 본 연구의 일환으로 ▲기후위기관리 ▲공기질관리 ▲물관리 ▲순환경제 전환 ▲자연환경 보전 ▲환경보건 분야의 산·학·연·관 전문가 및 산업계 현장 실무자를 대상으로 기술수요조사를 실시하고자 합니다. 본 조사는 연구과제 접수나 선정과는 무관하며, 현장의 기술수요와 정책·기술적 요구를 폭넓게 수렴하기 위한 목적으로 추진됩니다. 제출해 주신 의견은 환경 R&D 중장기 전략 수립 및 기술로드맵 마련을 위한 기초자료로 활용되며, 향후 환경기술개발사업 기획 및 정책 수립에 적극 반영될 예정입니다. 바쁘시더라도 귀중한 의견을 주시면 큰 도움이 되겠습니다. 적극적인 참여를 부탁드립니다. 감사합니다. ※ 제출해주시는 자료는 본 조사 목적을 위해서만 활용될 것이며, 응답해주시는 정보는 법률 제12504호 개인정보보호법 제15조(개인정보 수집/이용)에 의거 보호받을 수 있으며, 동법 제21조(개인정보의 파기)에 의거 조사 종료 후 파기됩니다. ※ 조사기간 : 2026년 6월 10일(수)까지 ※ 제출방법 : 붙임의 양식에 작성 후 E-mail( jinbaek@beyondrni.com , 백진민 전임연구원) 송부 또는 IRIS 범부처통합연구지원 시스템을 통해 제출 ※ 붙임자료 : [붙임 1] 기술수요조사서(산·학·연 전문가 대상 양식), [붙임 2] 기술수요조사서(산업현장 실무자 대상 양식) ※ 발주기관 : 한국환경산업기술원 ※ 조사기관 : ㈜비욘드알앤아이 ※ 응답자에 한해 모바일 커피 2잔 쿠폰 지급 ※ 문의 : ㈜비욘드알앤아이 우성충 책임연구원(010-2716-1353), 이찬울 책임연구원(010-5105-9093), 한국환경산업기술원 기술개발전략실(02-2284-1322)",2026-09-15T12:08:28,2026-09-20T23:59:52
환경부(KEITI):40269,환경부(KEITI),「제1기 기후에너지환경기술 자금 전담은행」 선정 공고,환경부,한국환경산업기술원,,,2026-05-12,,,,,0,,https://www.keiti.re.kr/site/keiti/ex/board/View.do?cbIdx=277&bcIdx=40269,"기후에너지환경부 공고 제2026-483호 「제1기 기후에너지환경기술 자금 전담은행」 선정 공고 기후에너지환경부R&D 자금을 예치·관리하는 「제1기 기후에너지환경기술 자금 전담은행」 을 선정하고자 하오니, 동 공고에 은행의 많은 참여를 바랍니다. 2026년5월12일 기후에너지환경부장관",2026-09-15T12:08:29,2026-09-20T23:59:52
환경부(KEITI):40153,환경부(KEITI),2026년도 환경 R&D 상시 기술수요조사 안내,환경부,한국환경산업기술원,,,2026-04-14,,,,,0,,https://www.keiti.re.kr/site/keiti/ex/board/View.do?cbIdx=277&bcIdx=40153,"귀하의 무궁한 발전을 기원합니다. 기후환경에너지부에서는 기술・정책・경제적 활용성이 높고 국민 환경복지를 향상시키는 환경 R&D 사업을 추진하고 있으며, R&D 사업 전담기관인 한국환경산업기술원에서는 환경 기술개발을 위한 수요를 상시 파악하고 있습니다. 이에 각 분야 전문가 및 수요자 분들의 소중한 제안을 받고자 하오니 환경기술 개발사업의 신규 사업 및 과제 발굴에 귀하(기관)께서 제안하실 의견이 있으시면 기술수요조사 양식을 작성하시어 제출해 주시기 바랍니다. 제안 기술은 환경기술개발사업의 신규 사업 및 과제 발굴 시 기초자료로 활용될 예정입니다. 감사합니다. 한국환경산업기술원 □ 조사 개요 ○ (목적) 환경 R&D 신규 사업 및 과제 발굴을 위해 기술수요조사 추진 ○ (제출방법) IRIS 시스템 * 또는 이메일( shham@keiti.re.kr )로 수요조사서 제출 * IRIS 시스템 내 수요조사 탭에서 온라인 입력 및 수요조사서 원본 첨부파일 형태로 제출 ○ (조사항목) 기술 개요, 주요 내용, 기대효과 등 ○ (수요조사서 검토) 상위 정책, 전략 부합성, 기술개발 필요성, 국내·외 이슈, 시급성 등 검토 □ 문의 ○ 한국환경산업기술원 기술개발전략실 (02-2284-1322, shham@keiti.re.kr )",2026-09-15T12:08:30,2026-09-20T23:59:52
환경부(KEITI):39958,환경부(KEITI),[공지] 제9기 환경기술개발사업 국민참여단 모집,환경부,한국환경산업기술원,,,2026-03-10,,,,,0,,https://www.keiti.re.kr/site/keiti/ex/board/View.do?cbIdx=277&bcIdx=39958,"한국환경산업기술원에서는 정부투자 예산의 투명한 운영과 국민이 공감하는 환경기술개발사업의 추진을 위하여 아래와 같이 제9기 환경기술개발사업 국민참여단을 모집하고자 합니다. 여러분의 많은 관심과 참여 부탁드립니다. 1. 배경 및 목적 ○ (배경) 환경기술개발 성과의 실질적 수혜자인 국민의 의견 반영 및 환경R&D 국민 인식 제고를 위한 국민 참여 확대 필요 ○ (목적) 국민 참여 확대를 통해 환경 문제의 국민 관심 확대 및 환경R&D 절차의 투명성 제고 2. 개요 ○ (모집 대상) 환경 분야에 관심이 있는 만 20세 이상의 대한민국 국민 ※ 환경원로(퇴직자), 환경전공 관련 대학생, 환경관련 경력자 및 대한민국 국민 ○ (주요 역할) - 환경기술개발사업 사업의 과제평가에 참관하여 활동 보고서* 작성 * 활동 보고서: 과제평가에 참여하여 평가과정에 대한 공정성·투명성 평가 항목 작성 - 국민대표로 환경기술개발사업 발전 방향 제언 및 국민에게 필요한 환경기술에 대한 아이디어 제공 ○ (모집 인원) 총 70명 ○ (모집 기간) ‘26. 3. 10.(화) ∼ ‘26. 3. 20.(금) 18:00 ○ (임기) 2년(‘26.5월~’28.4월) ○ (수당) ①오프라인: 참석 시간에 따라 차등 지급(10~20만원) ② 온라인: 건별 지급(5만원) 3. 접수 방법 ○ (접수 방법) 메일 또는 온라인 접수 ① 메일(hanlee@keiti.re.kr) 제출(공고문 [첨부1]의 신청서와 [첨부2]의 개인정보 수집·이용 동의서 작성·제출) ※ 개인정보 수집 및 이용 동의서는 자필서명 후 제출(사진 또는 스캔파일) ② 온라인 제출(네이버폼( https://naver.me/xcg6uiiO) 또는 아래 QR 접속하여 작성·제출) ○ (유의 사항) 국민참여단 신청서 제출 이후 수정 및 삭제 불가 ○ (문의처) 한국환경산업기술원 연구성과확산실(02-2284-1334) ○ (선정통보) '26. 4. 20.(월)(일정 변경 가능)",2026-09-15T12:08:33,2026-09-20T23:59:54
환경부(KEITI):39809,환경부(KEITI),2026년도 환경기술개발사업 신규과제 재공고(8개 사업 9개 과제) 및 2차 신규과제(1개 사업 1개 과제) 추진계획 공고,환경부,한국환경산업기술원,,,2026-01-29,,,,,0,,https://www.keiti.re.kr/site/keiti/ex/board/View.do?cbIdx=277&bcIdx=39809,사업 관련 문의: 사업안내서 내 담당자(p6) 접수(시스템) 관련 문의: IRIS 범부처통합연구지원시스템(1877-2041) 자세한 내용은 첨부된 사업안내서를 참고해 주시기 바랍니다. 감사합니다.,2026-09-15T12:08:36,2026-09-20T23:59:56
환경부(KEITI):39756,환경부(KEITI),2026년 2차 환경기술개발사업 신규과제 RFP 국민공개검증 실시 및 의견수렴 안내,환경부,한국환경산업기술원,,,2026-01-16,,,,,0,,https://www.keiti.re.kr/site/keiti/ex/board/View.do?cbIdx=277&bcIdx=39756,,2026-09-15T12:08:37,2026-09-20T23:59:56
환경부(KEITI):39622,환경부(KEITI),2026년도 환경기술개발사업 신규과제(22개 사업 79개 과제) 추진계획 공고,환경부,한국환경산업기술원,,,2025-12-19,,,,,0,,https://www.keiti.re.kr/site/keiti/ex/board/View.do?cbIdx=277&bcIdx=39622,사업 관련 문의: 사업안내서 내 담당자(p11~12) 접수(시스템) 관련 문의: IRIS 범부처통합연구지원시스템(1877-2041) 자세한 내용은 첨부된 사업안내서를 참고해 주시기 바랍니다. 감사합니다.,2026-09-15T12:08:39,2026-09-20T23:59:56
환경부(KEITI):39591,환경부(KEITI),2026년도 환경기술개발사업 추진계획 예고,환경부,한국환경산업기술원,,,2025-12-11,,,,,0,,https://www.keiti.re.kr/site/keiti/ex/board/View.do?cbIdx=277&bcIdx=39591,,2026-09-15T12:08:41,2026-09-20T23:59:57
환경부(KEITI):39544,환경부(KEITI),2026년 환경기술개발사업 신규과제 RFP 국민공개검증 실시 및 의견수렴 안내,환경부,한국환경산업기술원,,,2025-11-26,,,,,0,,https://www.keiti.re.kr/site/keiti/ex/board/View.do?cbIdx=277&bcIdx=39544,< 2026년 환경기술개발사업 신규과제 RFP 국민공개검증 및 의견수렴 안내 >,2026-09-15T12:08:42,2026-09-20T23:59:57
환경부(KEITI):39540,환경부(KEITI),「기후에너지환경R&D 2025」 개최 안내(11.27.(목) 13:30~17:30),환경부,한국환경산업기술원,,,2025-11-24,,,,,0,,https://www.keiti.re.kr/site/keiti/ex/board/View.do?cbIdx=277&bcIdx=39540,"안녕하세요. 한국환경산업기술원 환경기술처입니다. 기후에너지환경부와 한국환경산업기술원, 한국에너지기술평가원은 다양한 이해관계자와의 소통의 장을 마련하고 우수기술의 성과를 공유하고자 「기후에너지환경R&D 2025」 개최합니다. 오는 11월 27일(목) 13시 30분 SKY31(롯데타워 31층)에서 진행하오니 많은 참여 부탁드립니다. 자세한 사항은 하단의 초대장을 통해 확인해 주시기 바랍니다.",2026-09-15T12:08:43,2026-09-20T23:59:57
환경부(KEITI):38916,환경부(KEITI),환경R&D 성과전시회 개최 안내,환경부,한국환경산업기술원,,,2025-06-10,,,,,0,,https://www.keiti.re.kr/site/keiti/ex/board/View.do?cbIdx=277&bcIdx=38916,"국내대표 환경기술‧탄소중립 전시회 ‘국제환경산업기술&그린에너지전(ENVEX)’과 연계한 환경R&D 성과 확산을 위하여, 아래와 같이 「환경R&D 성과전시회」를 개최하오니 많은 관심 부탁드립니다.",2026-09-15T12:08:48,2026-09-21T00:00:00
환경부(KEITI):38874,환경부(KEITI),"환경R&D 기술이전 설명회 in ENVEX 개최(6.11., 코엑스)",환경부,한국환경산업기술원,,,2025-05-30,,,,,0,,https://www.keiti.re.kr/site/keiti/ex/board/View.do?cbIdx=277&bcIdx=38874,"국내대표 환경기술‧탄소중립 전시회 ‘국제환경산업기술&그린에너지전(ENVEX)’과 연계한 환경R&D 성과 기술이전‧사업화 기회 확대를 위하여, 아래와 같이 「환경R&D 기술이전 설명회 in ENVEX」를 개최하오니 많은 관심 부탁드립니다.",2026-09-15T12:08:49,2026-09-21T00:00:00
환경부(KEITI):38682,환경부(KEITI),[공청회] 화학물질 안전관리 기술개발사업(가칭) 기획 공청회 개최안내(4.28.),환경부,한국환경산업기술원,,,2025-04-18,,,,,0,,https://www.keiti.re.kr/site/keiti/ex/board/View.do?cbIdx=277&bcIdx=38682,"환경부와 한국환경산업기술원에서는 기존 화학물질 유해성 평가의 한계를 극복하고 동물대체 기반의 평가기술과 독성 예측 시스템, 안전한 대체물질 개발을 통해 국민건강과 환경을 보호하고자 '화학물질 안전관리 기술개발사업(가칭)'을 새롭게 기획하였습니다. 이와 관련하여 본 공청회를 통해 주요 기획 내용을 소개하고 관련 분야 전문가분들의 의견을 수렴하고자 하오니, 관심 있으신 전문가분들의 적극적인 참여와 의견 개진을 부탁드립니다. * 행 사 명 : 화학물질 안전관리 기술개발사업(가칭) 기획 공청회 * 일 시 : 2025.4.28.(월), 14:00~16:00 * 장 소 : LW컨벤션 센터 그랜드볼룸홀 * 주요내용 : 기획연구 추진현황 공유 및 의견수렴 * 문 의 처 : 생태보건기술실 채연지 전임연구원(02-2284-1394) 자세한 사항은 첨부파일을 통해 확인하여 주시기 바랍니다. 감사합니다.",2026-09-15T12:08:50,2026-09-21T00:00:00
환경부(KEITI):38659,환경부(KEITI),"환경R&D 기술이전-금융지원 연계 기술사업화 설명회 개최(4.29., 코엑스)",환경부,한국환경산업기술원,,,2025-04-15,,,,,0,,https://www.keiti.re.kr/site/keiti/ex/board/View.do?cbIdx=277&bcIdx=38659,"환경R&D 기술보유기관-수요기업 간 매칭·연계를 통한 기술이전·사업화 활성화 기반 조성을 위하여, 아래와 같이 「환경R&D 기술이전-금융지원 연계 기술사업화 설명회」를 기술보증기금과 공동으로 개최하오니 많은 관심 부탁드립니다. 가. 행 사 명 : 환경R&D 기술이전-금융지원 연계 기술사업화 설명회 나. 일 시 : 2025.4.29.(화) 14:00~17:00 다. 장 소 : 서울 코엑스 컨퍼런스룸(남) 307호, 308호 라. 참석대상 : 기술수요 기업 및 기술 공급 연구기관 관계자 등 마. 행사내용 : 환경R&D 우수기술 발표, 기술매칭 1:1 상담, 기술금융 지원사업 소개 및 상담, 연사초청 특강 바. 주최/주관 : 환경부/한국환경산업기술원, 기술보증기금 사. 접 수 처 : https:// bizmatch.kr/KEITI_net 아. 문 의 : 에프앤피파트너스 신상운 선임(02-6957-9936, ssw0224@fnppartners.com)",2026-09-15T12:08:51,2026-09-21T00:00:00
KHIDI:48949906,KHIDI,2026년 글로벌 규제 대응 비용 지원(의료기기) 사업 수행기업 모집 3차 공고(9월 28일(월) 18시까지),보건복지부,한국보건산업진흥원,,,2026-09-11,,,,2026-09-28,1,,https://www.khidi.or.kr/board/view?linkId=48949906&menuId=MENU01108,한국보건산업진흥원 공고 제2026-275호,2026-09-16T00:05:35,2026-09-20T23:59:23
KHIDI:48949849,KHIDI,국가연구개발사업 연구개발비 위탁정산기관 선정 공고,보건복지부,한국보건산업진흥원,,,2026-09-10,,,2026-09-10,2026-09-28,1,,https://www.khidi.or.kr/board/view?linkId=48949849&menuId=MENU01108,"한국보건산업진흥원 공고 제2026 – 270호 국가연구개발사업 연구개발비 위탁정산기관 선정 공고 국가연구개발사업 연구개발비의 효율적 정산을 위해 연구개발비 정산업무를 수행할 위탁정산기관을 다음과 같이 공고하오니 관심 있는 회계법인은 신청하여 주시기 바랍니다. 2026년 9월 10일 한국보건산업진흥원장 1. 사업명 국가연구개발사업 연구개발비 위탁정산업무 2. 모집분야 국가연구개발비 정산업무를 수행할 회계법인 3개 기관 3. 신청자격 한국공인회계사회에 등록된 회계법인 4. 신청방법 한국보건산업진흥원 홈페이지(http://www.khidi.or.kr) 공지사항에 「위탁정산기관 선정 제안요청서」을 다운로드하여 작성하고, 공문을 첨부하여 관련 서류와 함께 제출하되, 제출된 서류는 일체 반환하지 않음 가. 접수기간：2026. 9. 10.(목) ~ 2026. 9. 28.(월), 18:00 나. 접수방법：담당자 이메일 제출(제출기한內 도착분에 한함, PDF로 제출) - 담당자 : 이예슬 연구원(yeaseul1001@khidi.or.kr) 5. 문의처 : 이예슬 연구원(043-713-8764 / yeaseul1001@khidi.or.kr) 별첨 : 위탁정산기관 선정 제안요청서",2026-09-16T00:05:37,2026-09-20T23:59:23
KHIDI:48949841,KHIDI,2026년 핵심인재 글로벌 브릿지 연수 프로그램 수행기관 모집 2차 공고,보건복지부,한국보건산업진흥원,,,2026-09-10,,,2026-09-10,2026-09-30,1,,https://www.khidi.or.kr/board/view?linkId=48949841&menuId=MENU01108,"[한국보건산업진흥원 공고 제 2026-272호] 「2026년 핵심인재 글로벌 브릿지 연수 프로그램 수행기관 모집 2차 공고」 보건복지부 및 한국보건산업진흥원은 바이오헬스 분야 인재-기술-산업 연결 생태계의 글로벌화 촉진 및 의과학 미래 인재 육성을 위해 「핵심인재 글로벌 브릿지 연수 프로그램」을 추진하고자 합니다. 이에 해당 프로그램을 기획·운영할 역량 있는 수행기관을 다음과 같이 공모하오니 관심 있는 기관의 많은 참여 바랍니다. 가. 공 고 명 : 2026년 핵심인재 글로벌 브릿지 연수 프로그램 수행기관 모집 2차 공고 나. 접수기간: 2026년 9월 10일(목) ~ 2026년 9월 30일(수) 15:00까지 ( 제출기한 엄수 ) 다. 주요내용: 연수프로그램 기획 및 운영에 소요되는 경상경비 지원(연수생 해외 연수 경비 포함) 라. 모집대상: 의사과학자 진로 수요가 있는 의과대학 학부생 또는 학위과정에 참여중인 대학원생의 해외 우수 연구기관 방문 연수 프로그램 운영 가능한 의과학 분야 대학원(총 4개소) 마. 지원분야: 신경과학, 의료AI, 유전학, 정밀의료 등 의사과학자 연구 수요가 높은 분야, 해외 연구동향 및 최신 연구기법 등 미래 의과학 인재 양성에 필요한 연구 분야 등을 고려하여 기관에서 자유롭게 연수 프로그램 구체화 가능 바. 지원규모: 총 6억원 이내 (4개 기관 x '26년 기관당 1.5억원 이내) 사. 지원기간: '26년 협약체결일로부터 '27.2.28.까지 아. 신청방법: [붙임1] 사업신청서(날인된 PDF 및 한글 원본파일) , 발표자료(구두발표 평가용) 이메일( kbioleap@khidi.or.kr ) 제출 자. 문의처 : 한국보건산업진흥원 의사과학자정책팀(043-713-8454, kbioleap@khidi.or.kr) ※ 문의 전, [붙임2] 자주 묻는 질문(FAQ)을 반드시 확인하여 주시기 바랍니다. ※ 원활한 안내 및 답변을 위해 가급적 이메일 문의를 권장합니다.",2026-09-16T00:05:40,2026-09-20T23:59:23
KHIDI:48949614,KHIDI,[공고] 「HLTH USA 2026」 디지털헬스케어 한국관 참가기관 모집 공고(~9.30.(수)) 15시까지,보건복지부,한국보건산업진흥원,,,2026-09-08,,,,2026-09-30,1,,https://www.khidi.or.kr/board/view?linkId=48949614&menuId=MENU01108,,2026-09-16T00:05:42,2026-09-20T23:59:23
KHIDI:48947046,KHIDI,BIO-EUROPE 2026 할인 코드 안내,보건복지부,한국보건산업진흥원,,,2026-07-06,,,,,0,,https://www.khidi.or.kr/board/view?linkId=48947046&menuId=MENU01108,"BIO-EUROPE 2026 할인 코드 안내 한국보건산업진흥원은 바이오유럽 주관사로부터 BIO Europe 2026 할인코드를 부여받아 韓제약바이오기업 대상 배포하여 기업의 참가를 지원하고자 하오니 많은 관심과 활용바랍니다. 가. 행 사 명: BIO-EUROPE 2026 나. 일자/장소: 2026. 11. 9.(월) ~ 11. 11.(수) / 독일 쾰른 다. 제공내용: BIO-EUROPE 2026에 참가 희망하는 국내 기업 누구나 사용할 수 있는 15% 할인코드 배포 * 15% 할인코드: BEU26KHIDI15 라. 사용방법: 웹사이트(https://informaconnect.com/bioeurope/)에서 VIP코드(할인코드) 입력 후 등록 * 등록 시점에 따라 얼리버드 할인율 상이, 등록 웹사이트 참조 마. 문의: 한국보건산업진흥원 제약바이오산업단 전성주 책임연구원(sjeon6@khidi.or.kr)",2026-09-16T00:05:44,2026-09-20T23:59:23
KHIDI:48949928,KHIDI,「2026 한-카자흐스탄 보건의료 해외진출 홍보 및 공공조달 협력 세미나」 참가기관 모집 공고(~9.18(금) 18:00),보건복지부,한국보건산업진흥원,,,2026-09-11,,,,2026-09-18,1,,https://www.khidi.or.kr/board/view?linkId=48949928&menuId=MENU01108,"한국보건산업진흥원 공고 제2026-274호 「2026 한-카자흐스탄 보건의료 해외진출 홍보 및 공공조달 협력 세미나」 참가기관 모집 공고 한국보건산업진흥원은 카자흐스탄 및 중앙아시아 시장을 대상으로 한국 보건의료산업의 해외 진출 기반을 확대하고자 의료 전문 국제 전시회인 ‘United Medical Expo’에 참여해 한국의료 공동 홍보관을 운영하고자 합니다. 이번 행사를 통해 카자흐스탄 수도 아스타나에서 현지 정부 관계자 및 바이어를 대상으로 한국 보건의료산업의 경쟁력을 소개하고, 협력 파트너 네트워킹을 통해 실질적인 해외 진출로 이어질 수 있는 기회를 제공하고자 하오니 관심 있는 의료기관 및 기업의 많은 참여 바랍니다. 가. 행 사 명 : 2026 한-카자흐스탄 보건의료 해외진출 홍보 및 공공조달 협력 세미나 나. 기간·지역 : '26. 10. 27.(화) ~ 10. 31.(토), 카자흐스탄 아스타나 다. 모집규모 및 대상: 10개 기관 내외 - (의료기관) 공공조달시장 등 카자흐스탄 현지 진출을 희망하는 병·의원 - (디지털헬스) 디지털헬스케어 관련 기술·서비스를 보유한 기업 - (제약·의료기기) 백신 등 의약품, 진단 및 치료기기, 환자 모니터링 시스템, 스마트병원 연계 기술 등 취급기업 라. 지원사항: 카자흐스탄 아스타나 국제의료 박람회 내 한국의료(메디컬코리아) 공동 홍보관 참가 비용(기관별 홍보부스, 통역 등) 마. 신청방법 : 담당자에게 이메일로 구비서류 제출 바. 문 의 처: 한국보건산업진흥원 미구주·CIS팀 - (국제입찰 관련) 김현진 책임연구원(043-713-8582, hjkim@khidi.or.kr) - (홍보관, 세미나 관련) 김지영 연구원(043-713-8583, jiyoungkim27@khidi.or.kr)",2026-09-16T00:05:46,2026-09-20T23:59:23
KHIDI:48949455,KHIDI,2026년 GHKOL 국제의료사업 실무특화 컨설팅 사업 공고 (~9.16.(수) 까지),보건복지부,한국보건산업진흥원,,,2026-09-03,,,,2026-09-16,1,,https://www.khidi.or.kr/board/view?linkId=48949455&menuId=MENU01108,"문의처: 의료해외진출단 아시아·중동팀 (043-713-8967, 8954)",2026-09-16T00:05:49,2026-09-20T23:59:23
KHIDI:48948775,KHIDI,2026년 제2차 제약·바이오 글로벌 진출 지원 사업(K-VIP) 수행기업 모집 통합 연장 공고(~8/24 13시까지),보건복지부,한국보건산업진흥원,,,2026-08-18,,,,2026-08-24,1,,https://www.khidi.or.kr/board/view?linkId=48948775&menuId=MENU01108,"2026년 제2차 제약·바이오 글로벌 진출 지원 사업(K-VIP)의 수행기업 모집 기한을 아래와 같이 연장하오니 많은 기업들의 관심 부탁 드립니다. - 공고 연장 사업명: 글로벌 규제 대응 지원, 글로벌 마케팅 비용 지원 트랙2 - 신청 기간: 공고 게시일 ~ 2026년 8월 24일(월) 13시까지(KST 대한민국 표준시) 상세 내용은 첨부된 공고문을 참고해주시기 바랍니다.",2026-09-16T00:05:51,2026-09-20T23:59:23
KHIDI:48948725,KHIDI,외국인환자 유치사업자 컨설팅 지원사업 참여기관 모집(~8월 28일(금) 18:00까지),보건복지부,한국보건산업진흥원,,,2026-08-13,,,,2026-08-28,1,,https://www.khidi.or.kr/board/view?linkId=48948725&menuId=MENU01108,"<한국보건산업진흥원 공고 제 2026-255호> 「외국인환자 유치사업자 컨설팅 지원사업」 참여기관 모집 한국보건산업진흥원은 외국인환자 유치사업자의 역량 강화를 통한 지속가능한 성장 기반 마련을 위해 「외국인환자 유치사업자 컨설팅 지원사업」을 추진합니다. 글로벌 의료관광 시장의 변화에 효과적으로 대응하고, 비즈니스 모델을 확대하고자 희망하는 외국인환자 유치사업자 및 예비창업자 여러분의 많은 관심과 참여를 바랍니다. 2026년 8월 13일 한국보건산업진흥원장 □ 사 업 명 ○ 외국인환자 유치사업자 컨설팅 지원사업 □ 사업목적 ○ 외국인환자 201만명 유치 시대를 맞아 유치사업자의 역량 강화를 위해 유치사업의 지속 가능성을 높이고, 비즈니스 모델 개발을 위한 컨설팅을 지원하고자 함 ○ 또한, 유치사업을 준비하고 있는 예비 창업자를 위한 유치기관 등록 등 법·제도와 금융·투자, 홍보마케팅 등 안정적 정착을 위한 창업 컨설팅도 함께 지원하고자 함 □ 지원대상 및 내용 ○ 외국인환자 유치사업을 수행 중인 유치사업자와 예비 창업자 대상경영효율 향상과 중점국가 유치전략 향상을 위한 컨설팅 지원 구분 기본컨설팅 심화컨설팅 지원대상 · 외국인환자 유치사업자 · 외국인환자 유치사업 창업을 준비 중인 예비 유치사업자 · 기본 컨설팅 수행기관 중 신청기관에 대해 서면평가를 거쳐 선정(10개소 내외) 기간 · 9월∼10월 · 10월∼11월 지원내용 · 기본컨설팅 지원 * 유치권역, 플랫폼, 금융투자 등 (유치등록, 법제도 등을 중심으로 세미나를 개최하고, 이와 연계하여 컨설팅 운영 예정) · 심화컨설팅 지원 * 유치사업 기획 및 홍보마케팅, 고객관리, AI에이전트 도입 등 기업당 최대 3회 컨설팅 지원 지원방법 · 기본컨설팅은 서면접수하고, 지역세미나 등과 연계하여 컨설팅 운영 예정 * 컨설팅 비용을 지원하는 것이 아닌 컨설팅 Pool을 통한 직접적인 컨설팅 지원임 선정방법 · 기본컨설팅은 기관이 제출한 지원 신청서를 기준으로 서류를 내부 검토 후 컨설팅 매칭 예정(지원 기관이 많은 경우, 내부 선정평가위원회를 통해 지원 기관 선정) · 심화컨설팅은 기본컨설팅 종료 후 신청기관에 한해 선정평가위원회를 거쳐 서면 평가후 매칭 예정(10개소 내외) 사업 추진절차 ㅡ 지원 신청서 제출 → 서류검토 → 기관별 담당 전문가 지정 및 컨설팅 Pool을 활용한 컨설팅 수행 → 결과보고 □ 선정방법 ○ 지원 신청서를 기준으로 서류 검토 및 적정성 평가 (신청기업의 역량, 사업지원 타당성, 실현가능성, 파급효과 등 평가) ○ 선정기관 수 - 기본컨설팅 : 50개소 내외(서면검토 후 매칭 예정) - 심화컨설팅 : 10개소 내외(기본컨설팅 수행기관 중 선정) ※ 심화컨설팅 선정 심사위원은 5인 이내로 구성하여 서류를 바탕으로 심사 진행하고, 평가 점수(최고,최저 점수 각 1개씩 제외) 평균 80점 이상 기관 순으로 선정하며, 선정기관이 컨설팅 지원을 포기할 경우 후순위 기관을 추가로 선정할 수 있음 □ 신청방법 ○ (신청방법) 제출서류 구비 후 전자우편 접수(hwank21@khidi.or.kr) - 제출서류는 ‘II 제출서류 및 유의사항’ 참조 ○ (문 의 처) 국제의료인프라지원팀 박환국 책임연구원 (☎ 043-713-8935)",2026-09-16T00:05:53,2026-09-20T23:59:23
KHIDI:48948562,KHIDI,광역형 국산의료기기 교육·훈련 지원센터 사업 참여 기관 사전 수요조사(~9/11),보건복지부,한국보건산업진흥원,,,2026-08-11,,,,2026-09-11,1,,https://www.khidi.or.kr/board/view?linkId=48948562&menuId=MENU01108,,2026-09-16T00:05:56,2026-09-20T23:59:23
KHIDI:48948364,KHIDI,체외진단의료기기 On-Site Meeting 신청 안내(~8.17(월)),보건복지부,한국보건산업진흥원,,,2026-08-10,,,,2026-08-17,1,,https://www.khidi.or.kr/board/view?linkId=48948364&menuId=MENU01108,,2026-09-16T00:05:58,2026-09-20T23:59:25
KHIDI:48948205,KHIDI,2026년도 바이오헬스산업 기술평가-사업화 연계 지원사업 참여기관(업) 모집 공고(~8.25.(화) 18:00),보건복지부,한국보건산업진흥원,,,2026-08-05,,,,2026-08-25,1,,https://www.khidi.or.kr/board/view?linkId=48948205&menuId=MENU01108,,2026-09-16T00:06:02,2026-09-20T23:59:25
KHIDI:48948191,KHIDI,2026년 핵심인재 글로벌 브릿지 연수 프로그램(중개연구 사업화 트랙) 연수생 모집 공고,보건복지부,한국보건산업진흥원,,,2026-08-03,,,,,0,,https://www.khidi.or.kr/board/view?linkId=48948191&menuId=MENU01108,,2026-09-16T00:06:04,2026-09-20T23:59:25
KHIDI:48947899,KHIDI,(추가모집) 「2026년 바이오헬스 글로벌 석학 멘토십 프로그램 멘티 모집」 공고 안내,보건복지부,한국보건산업진흥원,,,2026-07-27,,,,,0,,https://www.khidi.or.kr/board/view?linkId=48947899&menuId=MENU01108,"「2026년 바이오헬스 글로벌 석학 멘토십 프로그램 멘티 모집」 보건복지부 및 한국보건산업진흥원은 바이오헬스 분야의 글로벌 연구역량을 강화하고 차세대 의과학 인재양성을 위해 「2026년 바이오헬스 글로벌 석학 멘토십 프로그램」을 추진하고 있습니다. 해외 석학의 국내 초빙을 통해 분야별 강연, 멘토링, 컨설팅 등 다양한 인재양성 프로그램을 운영할 예정이오니, 바이오헬스 분야 의과학 인재 및 예비 연구자 여러분의 많은 관심과 참여 바랍니다. 가 . 지원분야: 뇌과학 , 면역학 , 의료AI ·디지털헬스, 의료영상·진단보조 , 분 자·세포생물학 (5개 분야) 나. 주요내용: 바이오헬스 분야 해외 석학의 국내 초빙 및 분야별 연구 멘토링 프로그램 운영 다. 모집대상: 지원분야에 관심있는 만 40세 미만의 대학(원)생, 박사후연구원 및 관련 연구자(예비 연구자 포함) 등 라. 모집기간 및 신청방법: [붙임] 분야 별 멘티 모집공고 참조 ※ 분야별 모집기간 및 프로그램 세부 내용이 상이하므로, 첨부파일의 모집공고를 참고하시기 바랍니다. 바. 문 의 처: 한국보건산업진흥원 의사과학자정책팀(kbioleap@khidi.or.kr) ※ 프로그램 및 신청 관련 문의는 모집공고에 기재된 해당 수행기관 문의처 로 연락하여 주시기 바랍니다. 이미지 하단의 링크를 클릭하면 분야별 멘티 모집 페이지로 이동합니다. >> (뇌과학) 멘티 모집 신청 홈페이지 << *추가모집: 8월 3일(월)~21일(금) 예정 >> (면역학) 멘티 모집 신청 홈페이지 << * 2차 Pre-Winter camp(11/13~11/15, 2박 3일): 개최 장소 대구 TBD (변경) >> (분자·세포생물학) 멘티 모집 신청 홈페이지 << >> (의료AI·디지털헬스) 멘티 모집 신청 홈페이지 << >> (의료영상·진단보조) 멘티 모집 신청 홈페이지 <<",2026-09-16T00:06:07,2026-09-20T23:59:25
KHIDI:48947856,KHIDI,2026년 제2차 제약·바이오 글로벌 진출 지원 사업(K-VIP) 수행기업 모집 통합 공고(~8/14 16시까지),보건복지부,한국보건산업진흥원,,,2026-07-24,,,,2026-08-14,1,,https://www.khidi.or.kr/board/view?linkId=48947856&menuId=MENU01108,,2026-09-16T00:06:09,2026-09-20T23:59:25
KHIDI:48947846,KHIDI,[오스바이오텍(AusBiotech) 2026] 한-호주 바이오헬스 교류단 참여기업 모집 안내,보건복지부,한국보건산업진흥원,,,2026-07-24,,,,,0,,https://www.khidi.or.kr/board/view?linkId=48947846&menuId=MENU01108,,2026-09-16T00:06:11,2026-09-20T23:59:25
KHIDI:48947533,KHIDI,2026년 핵심인재 글로벌 브릿지 연수 프로그램(중개연구 사업화 트랙) 사전공고,보건복지부,한국보건산업진흥원,,,2026-07-15,,,,,0,,https://www.khidi.or.kr/board/view?linkId=48947533&menuId=MENU01108,"「 2026년 핵심인재 글로벌 브릿지 연수 프로그램(중개연구 사업화 트랙) 사전공고」 보건복지부 및 한국보건산업진흥원은 바이오헬스 분야 인재-기술-산업 연결 생태계의 글로벌화 촉진 및 의과학 미래 인재 육성을 위해 「핵심인재 글로벌 브릿지 연수프로그램(중개연구 사업화 트랙)」을 추진 중에 있습니다. 이와 관련하여, 스위스 바젤 지역의 중개연구 기반 사업화 생태계를 통해 연구에서 사업화 과정을 경험할 수 있도록 아래와 같이 ‘중개연구 사업화 트랙’ 연수 프로그램을 사전공고 하오니 많은 관심과 참여 바랍니다. 가. 공 고 명 : 2026년 핵심인재 글로벌 브릿지 연수 프로그램(중개연구 사업화 트랙) 사전공고 나. 사전공고기간 : 2026년 7월 15일(수) ~ 23일(목) 18시 까지 다. 제출방법 : [붙임1] 사전공고문 의견서 및 [붙임2] 개인정보 취급방침 동의서 작성 후, 이메일(kbioleap@khidi.or.kr) 제출 라. 주요내용 ○ (프로그램명) Basel Translational Innovation Program(BTIP) of KHIDI ○ (연수지역 및 기관) 스위스, 바젤대학교 ○ (사업내용) 로슈, 노바티스 등의 글로벌 제약사와 바이오 연구 인프라가 집적된 스위스 바젤 지역에서 4주간의 맞춤형 연수 프로그램을 제공하여 글로벌 중개의학 전주기를 경험하고 연구 성과의 사업화 역량 함양 ○ (연수기간) 2026. 11. 2.(월) ~ 11. 27.(금), 4주간 전일정 참여 ○ (연수대상) 중개연구 분야 대학원생, 박사후연구원 또는 젊은 의(사)과학자(총 12명) * 연수생은 2026년 12월 말까지 만 40세 미만인 자에 한함(1986년 1월 1일 이전 출생자 제외) ○ (지원규모) 연수 프로그램 참가에 필요한 필수 경비 전액 지원 * (포함사항) 프로그램 수업료, 왕복 항공편 및 현지 숙박 등 마. 관련문의 : 한국보건산업진흥원 의사과학자정책팀 (043-713-8454, kbioleap@khidi.or.kr) ※ 동 공고는 ‘사전공고’로서, 향후 본 공모 진행 시 사업 세부내용 및 선정 기준 등 일부 변경될 수 있습니다.",2026-09-16T00:06:13,2026-09-20T23:59:25
KHIDI:48947470,KHIDI,"2026 세계폐암학회(WCLC) 참가 지원 사업 공고 (기한연장, ~8/6(목) 16:00)",보건복지부,한국보건산업진흥원,,,2026-07-14,,,,2026-08-06,1,,https://www.khidi.or.kr/board/view?linkId=48947470&menuId=MENU01108,,2026-09-16T00:06:15,2026-09-20T23:59:25
KHIDI:48947418,KHIDI,2026년도 제3차 보건신기술(NET) 인증기술 신청 및 연장신청 접수 공고,보건복지부,한국보건산업진흥원,,,2026-07-14,,,,,0,,https://www.khidi.or.kr/board/view?linkId=48947418&menuId=MENU01108,,2026-09-16T00:06:18,2026-09-20T23:59:25
KHIDI:48947353,KHIDI,바이오유럽(BIO-Europe) 2026 참가지원 사업 공고,보건복지부,한국보건산업진흥원,,,2026-07-10,,,,,0,,https://www.khidi.or.kr/board/view?linkId=48947353&menuId=MENU01108,"[한국보건산업진흥원 공고 2026-229호] BIO-Europe 2026 참가지원 사업 공고 한국보건산업진흥원은 유럽 최대 보건의료기술거래의 장인 2026년도 바이오유럽 참가지원 사업을 추진하오니, 관심있는 기업의 많은 신청바랍니다. 가. 사업명 : 바이오유럽(BIO-Europe) 2026 참가지원 나. 지원대상 : 국내 제약바이오기업 다. 지원사항 : 바이오유럽 2026 등록비 일부 지원 등(세부내용 참조) 라. 신청기간 : ~ 2026. 7. 31.(금), 18:00까지 마. 신청방법 : 별첨의 붙임 양식 작성 후 이메일(sjeon6@khidi.or.kr) 제출 바. 문의처 : 한국보건산업진흥원 제약바이오글로벌팀 전성주 책임연구원(043-713-8847, sjeon6@khidi.or.kr)",2026-09-16T00:06:20,2026-09-20T23:59:25
KHIDI:48947057,KHIDI,2026 ESMO(유럽종양학회) 사절단 참여기업 모집 안내(~7.31.),보건복지부,한국보건산업진흥원,,,2026-07-06,,,,2026-07-31,1,,https://www.khidi.or.kr/board/view?linkId=48947057&menuId=MENU01108,(계속) * 자세한 사항은 첨부파일을 참고하시기 바랍니다.,2026-09-16T00:06:22,2026-09-17T00:14:28
IRIS:024217,IRIS,2026년 우주기술혁신인재양성사업[산학협력 연구현장 연계 고급 인력양성] 본과제 접수,우주항공청,우주항공청,,우주항공청 공고 제2026-0028호,2026-09-17,지정공모,접수중,2026-09-17,2026-09-30,0,우주기술혁신인재양성 2026 신동윤(0558565018),https://www.iris.go.kr/contents/retrieveBsnsAncmBtinSituListView.do,임무지원단-3113(2026.8.27)에 의거하여 본과제 신청을 위한 공고입니다.,2026-09-17T09:06:34,2026-09-20T23:57:52
KHIDI:48950142,KHIDI,2026년도 혁신형 제약기업 및 제약산업 발전 유공자 포상 공고,보건복지부,한국보건산업진흥원,,,2026-09-17,,,,,0,,https://www.khidi.or.kr/board/view?linkId=48950142&menuId=MENU01108,보건복지부 공고 제 2026-727 호 / 한국보건산업진흥원 공고 제 2026-276호 2026 년도 혁신형 제약기업 및 제약산업 발전 유공 자 포상 공고 보건복지부에서는 우수한 의약품 개발 보급 등으로 국민보건 향상과 제약산업 발전에 기여한 혁신형 제약기업 ( 단체 ) 및 국내 제약산업 종사자 ( 개인 ) 에 대하여 포상하고자 붙임과 같이 공고하오니 많은 신청 바랍니다 . 2026 년 9 월 15 일 보건복지부장관,2026-09-17T09:08:05,2026-09-20T23:59:23
